USE QuanLyThuVien;

BEGIN;
-- Dữ liệu cho bảng PHONGDOC
INSERT INTO PhongDoc (maPD, tenPD, viTri, sucChua) VALUES
('PD001', N'Phòng đọc sách số 1', N'Tầng 1, Khu A', 150),
('PD002', N'Phòng đọc sách số 2', N'Tầng 1, Khu B', 120),
('PD003', N'Phòng đọc sách số 3', N'Tầng 2, Khu C', 100),
('PD004', N'Phòng đọc tài liệu quý hiếm 1', N'Tầng 3, Khu D', 50),
('PD005', N'Phòng đọc tài liệu quý hiếm 2', N'Tầng 3, Khu E', 40);
COMMIT;

BEGIN;
-- Dữ liệu mới cho bảng KESACH
INSERT INTO KeSach (maKeSach, soTang, tenKe, loaiTaiLieu, maPD) VALUES
('KS001', 1, N'Kệ số 1', N'Sách', 'PD001'),
('KS002', 1, N'Kệ số 2', N'Sách', 'PD001'),
('KS003', 1, N'Kệ số 3', N'Sách', 'PD002'),
('KS004', 1, N'Kệ số 4', N'Sách', 'PD002'),
('KS005', 2, N'Kệ số 5', N'Sách', 'PD003'),
('KS006', 2, N'Kệ số 6', N'Sách', 'PD003'),
('KS007', 3, N'Kệ số 7', N'Tài liệu quý hiếm', 'PD004'),
('KS008', 3, N'Kệ số 8', N'Tài liệu quý hiếm', 'PD004'),
('KS009', 3, N'Kệ số 9', N'Tài liệu quý hiếm', 'PD005'),
('KS010', 3, N'Kệ số 10', N'Tài liệu quý hiếm', 'PD005');
COMMIT;

BEGIN;
-- Dữ liệu cho bảng NHAXUATBAN
INSERT INTO NhaXuatBan (maXB, tenXB, namThanhLap, truSo) VALUES
('XB001', N'NXB Giáo Dục', 1957, N'Hà Nội'),
('XB002', N'NXB Trẻ', 1981, N'TP. Hồ Chí Minh'),
('XB003', N'NXB Khoa Học Kỹ Thuật', 1960, N'Hà Nội'),
('XB004', N'NXB Văn Học', 1957, N'Hà Nội'),
('XB005', N'NXB Kim Đồng', 1957, N'Hà Nội'),
('XB006', N'NXB ĐH Quốc Gia TP.HCM', 1996, N'TP. Hồ Chí Minh'),
('XB007', N'NXB Tổng Hợp TP.HCM', 1977, N'TP. Hồ Chí Minh'),
('XB008', N'Cambridge University Press', 1534, N'Anh'),
('XB009', N'NXB Mỹ Thuật', 1957, N'Hà Nội'),
('XB010', N'NXB Thông Tin và Truyền Thông', 2005, N'Hà Nội'),
('XB011', N'NXB Lao Động', 1958, N'Hà Nội'),
('XB012', N'Oxford University Press', 1478, N'Anh'),
('XB013', N'NXB Phụ Nữ', 1957, N'Hà Nội'),
('XB014', N'NXB Thể Dục Thể Thao', 1956, N'Hà Nội'),
('XB015', N'Penguin Random House', 2013, N'Mỹ'),
('XB016', N'NXB Công An Nhân Dân', 1951, N'Hà Nội'),
('XB017', N'NXB Xây Dựng', 1957, N'Hà Nội'),
('XB018', N'NXB Y Học', 1956, N'Hà Nội'),
('XB019', N'HarperCollins', 1817, N'Mỹ'),
('XB020', N'NXB Tư Pháp', 2004, N'Hà Nội');
COMMIT;

BEGIN;
-- Dữ liệu cho bảng TACGIA
INSERT INTO TacGia (maTacGia, tenTacGia, ngaySinh, quocTich) VALUES
('TG001', N'Nguyễn Nhật Ánh', '1955-05-07', N'Việt Nam'),
('TG002', N'Dale Carnegie', '1888-11-24', N'Mỹ'),
('TG003', N'Isaac Newton', '1643-01-04', N'Anh'),
('TG004', N'Trần Trọng Kim', '1883-09-17', N'Việt Nam'),
('TG005', N'Ngô Bảo Châu', '1972-06-28', N'Việt Nam'),
('TG006', N'Stephen Hawking', '1942-01-08', N'Anh'),
('TG007', N'Nguyễn Du', '1766-01-03', N'Việt Nam'),
('TG008', N'J.R.R. Tolkien', '1892-01-03', N'Anh'),
('TG009', N'Lê Quý Đôn', '1726-08-02', N'Việt Nam'),
('TG010', N'Nguyễn Trãi', '1380-01-01', N'Việt Nam'),
('TG011', N'Nguyễn Đình Chiểu', '1822-07-01', N'Việt Nam'),
('TG012', N'Haruki Murakami', '1949-01-12', N'Nhật Bản'),
('TG013', N'George Orwell', '1903-06-25', N'Anh'),
('TG014', N'Hà Đình Cẩn', '1965-04-10', N'Việt Nam'),
('TG015', N'Phạm Quang Minh', '1975-04-10', N'Việt Nam'),
('TG016', N'Vũ Trọng Phụng', '1912-10-26', N'Việt Nam'),
('TG017', N'Võ Đình Hiếu', '1965-02-28', N'Việt Nam'),
('TG018', N'Elizabeth Gilbert', '1969-07-18', N'Mỹ'),
('TG019', N'Tiểu Hy', '1990-11-11', N'Việt Nam'),
('TG020', N'Hồ Bảo Minh', '1982-03-25', N'Việt Nam'),
('TG021', N'Karl Marx', '1818-05-05', N'Đức'),
('TG022', N'Adam Smith', '1723-06-16', N'Scotland'),
('TG023', N'Nguyễn Công Trứ', '1778-11-20', N'Việt Nam'),
('TG024', N'Hermann Hesse', '1877-07-02', N'Đức'),
('TG025', N'Jane Austen', '1775-12-16', N'Anh'),
('TG026', N'Gabriel Garcia Marquez', '1927-03-06', N'Colombia'),
('TG027', N'Yuval Noah Harari', '1976-02-24', N'Israel'),
('TG028', N'Euclid', '0300-01-01', N'Hy Lạp'),
('TG029', N'Albert Einstein', '1879-03-14', N'Đức'),
('TG030', N'Marie Curie', '1867-11-07', N'Ba Lan'),
('TG031', N'Lý Thường Kiệt', '1019-01-01', N'Việt Nam'),
('TG032', N'Văn Cao', '1923-11-15', N'Việt Nam'),
('TG033', N'Đặng Thai Mai', '1902-12-25', N'Việt Nam'),
('TG034', N'Trương Vĩnh Ký', '1837-12-03', N'Việt Nam'),
('TG035', N'J.K. Rowling', '1965-07-31', N'Anh'),
('TG036', N'Phan Bội Châu', '1867-12-26', N'Việt Nam'),
('TG037', N'Ernest Hemingway', '1899-07-21', N'Mỹ'),
('TG038', N'Khánh Vân', '1927-01-01', N'Việt Nam'),
('TG039', N'Trịnh Công Sơn', '1939-02-28', N'Việt Nam'),
('TG040', N'Nguyễn Huy Thiệp', '1950-04-29', N'Việt Nam');
COMMIT;

BEGIN;
-- Dữ liệu cho bảng TAILIEU
INSERT INTO TaiLieu (maTaiLieu, tenTaiLieu, namXuatBan, theLoai, ngonNgu, soTrang, maXB) VALUES
('TL001', N'Truyện Kiều (Bản viết tay)', 1820, N'Thơ ca', N'Hán Nôm', 350, 'XB004'),
('TL002', N'Lịch Sử Việt Nam Cổ (Bản đầu)', 1950, N'Lịch sử', N'Tiếng Việt', 800, 'XB009'),
('TL003', N'Từ Điển Hán Việt (Bản 1900)', 1900, N'Từ điển', N'Hán Việt', 1500, 'XB004'),
('TL004', N'Bách Khoa Toàn Thư Y Học (Bản 1950)', 1950, N'Y học', N'Tiếng Việt', 1200, 'XB018'),
('TL005', N'Bộ Luật Dân Sự 1995 (Bản gốc)', 1995, N'Luật', N'Tiếng Việt', 900, 'XB020'),
('TL006', N'Bản thảo Chính trị (1950)', 1950, N'Chính trị', N'Tiếng Việt', 24, 'XB011'),
('TL007', N'Hoàng Lê Nhất Thống Chí (Bản chép)', 1789, N'Lịch sử', N'Hán Nôm', 400, 'XB009'),
('TL008', N'Kinh Tế Chính Trị (Bản 1960)', 1960, N'Kinh tế', N'Tiếng Việt', 150, 'XB011'),
('TL009', N'Thơ Nôm Nguyễn Đình Chiểu (Bản cổ)', 1930, N'Thơ ca', N'Tiếng Việt', 400, 'XB004'),
('TL010', N'Thiên Chúa Giáo Việt Nam (1900)', 1900, N'Tôn giáo', N'Tiếng Pháp', 250, 'XB015'),
('TL011', N'Văn Học Phục Hưng (Tập 1)', 1940, N'Văn học', N'Tiếng Anh', 500, 'XB012'),
('TL012', N'Sổ tay Sinh Học (1960)', 1960, N'Sinh học', N'Tiếng Việt', 300, 'XB001'),
('TL013', N'Giao Trình Toán (1880)', 1880, N'Toán học', N'Tiếng Pháp', 450, 'XB008'),
('TL014', N'Kiến Trúc Cổ Việt Nam', 1970, N'Kiến trúc', N'Tiếng Việt', 550, 'XB017'),
('TL015', N'Bản đồ Thành Phố Hà Nội (1945)', 1945, N'Địa lý', N'Tiếng Pháp', 10, 'XB009'),
('TL016', N'Thủ Tục Tố Tụng Dân Sự (1975)', 1975, N'Luật', N'Tiếng Việt', 700, 'XB020'),
('TL017', N'Tạp Chí Mỹ Thuật (1958)', 1958, N'Nghệ thuật', N'Tiếng Việt', 120, 'XB009'),
('TL018', N'Hình Sự Thập Cẩm (1965)', 1965, N'Khoa học', N'Tiếng Việt', 450, 'XB016'),
('TL019', N'Luận án Hóa Học (1970)', 1970, N'Hóa học', N'Tiếng Anh', 620, 'XB003'),
('TL020', N'Vật Lý Học Lượng Tử (Bản 1980)', 1980, N'Vật lý', N'Tiếng Anh', 600, 'XB012'),
('TL021', N'Công Nghệ Blockchain và Tương Lai Tiền Tệ', 2024, N'Công nghệ thông tin', N'Tiếng Việt', 450, 'XB001'),
('TL022', N'Bí Mật Của Nền Kinh Tế Vòng Tròn', 2023, N'Kinh tế học', N'Tiếng Việt', 320, 'XB002'),
('TL023', N'Tư Duy Lãnh Đạo Thế Kỷ 21', 1998, N'Kỹ năng sống', N'Tiếng Anh', 280, 'XB003'),
('TL024', N'Sự Sống Vượt Ra Ngoài Giới Hạn', 1985, N'Vật lý', N'Tiếng Nhật', 500, 'XB004'),
('TL025', N'Giải Tích Vector Nâng Cao', 2012, N'Toán học', N'Tiếng Anh', 410, 'XB005'),
('TL026', N'Lịch Sử Triết Học Phương Tây Cổ Đại', 1955, N'Tiểu thuyết/Văn học', N'Tiếng Việt', 650, 'XB006'),
('TL027', N'Thiết Kế Cơ Sở Dữ Liệu Hiện Đại', 2005, N'Công nghệ thông tin', N'Tiếng Anh', 390, 'XB007'),
('TL028', N'Nghệ Thuật Đàm Phán Trong Kinh Doanh', 2018, N'Kinh tế học', N'Tiếng Việt', 300, 'XB008'),
('TL029', N'Những Bộ Não Lỗi Lạc Của Thế Giới', 1970, N'Kỹ năng sống', N'Tiếng Nhật', 350, 'XB009'),
('TL030', N'Cơ Học Lượng Tử Nhập Môn', 1945, N'Vật lý', N'Tiếng Anh', 550, 'XB010'),
('TL031', N'Thuật Toán Tìm Kiếm và Sắp Xếp', 2015, N'Công nghệ thông tin', N'Tiếng Việt', 290, 'XB011'),
('TL032', N'Marketing Kỹ Thuật Số Toàn Diện', 2021, N'Kinh tế học', N'Tiếng Việt', 420, 'XB012'),
('TL033', N'Giao Tiếp Phi Ngôn Ngữ', 1995, N'Kỹ năng sống', N'Tiếng Nhật', 260, 'XB013'),
('TL034', N'Bản Chất Của Vật Chất Tối', 2014, N'Vật lý', N'Tiếng Anh', 480, 'XB014'),
('TL035', N'Hình Học Vi Phân Ứng Dụng', 1978, N'Toán học', N'Tiếng Việt', 370, 'XB015'),
('TL036', N'Đạo Đức Học và Chính Trị', 1930, N'Tiểu thuyết/Văn học', N'Tiếng Anh', 590, 'XB016'),
('TL037', N'Phát Triển Ứng Dụng Di Động đa Nền Tảng', 2023, N'Công nghệ thông tin', N'Tiếng Việt', 330, 'XB017'),
('TL038', N'Chiến Lược Thương Hiệu Cá Nhân', 2019, N'Kinh tế học', N'Tiếng Nhật', 310, 'XB018'),
('TL039', N'Quản Lý Thời Gian Kiểu Nhật', 2002, N'Kỹ năng sống', N'Tiếng Anh', 270, 'XB019'),
('TL040', N'Thiên Văn Học Đại Cương', 1960, N'Vật lý', N'Tiếng Việt', 510, 'XB020'),
('TL041', N'Lập Trình Web với ReactJS và NodeJS', 2022, N'Công nghệ thông tin', N'Tiếng Nhật', 460, 'XB001'),
('TL042', N'Quản Trị Dự Án Linh Hoạt (Agile)', 2017, N'Kinh tế học', N'Tiếng Anh', 340, 'XB002'),
('TL043', N'Nghệ Thuật Sống Tối Giản', 1990, N'Kỹ năng sống', N'Tiếng Việt', 295, 'XB003'),
('TL044', N'Vũ Trụ Không Gian và Thời Gian', 1975, N'Vật lý', N'Tiếng Nhật', 475, 'XB004'),
('TL045', N'Đại Số Tuyến Tính Ứng Dụng', 2000, N'Toán học', N'Tiếng Anh', 385, 'XB005'),
('TL046', N'Tâm Lý Học Về Tiền Bạc', 1948, N'Tiểu thuyết/Văn học', N'Tiếng Việt', 315, 'XB006'),
('TL047', N'Mạng Máy Tính và Bảo Mật', 2010, N'Công nghệ thông tin', N'Tiếng Nhật', 400, 'XB007'),
('TL048', N'Phân Tích Báo Cáo Tài Chính', 2016, N'Kinh tế học', N'Tiếng Anh', 360, 'XB008'),
('TL049', N'Sức Mạnh Của Thói Quen', 1999, N'Kỹ năng sống', N'Tiếng Việt', 285, 'XB009'),
('TL050', N'Lý Thuyết Tương Đối Rộng', 1925, N'Vật lý', N'Tiếng Nhật', 520, 'XB010'),
('TL051', N'Trí Tuệ Nhân Tạo: Nguyên Lý và Thực Hành', 2024, N'Công nghệ thông tin', N'Tiếng Anh', 430, 'XB011'),
('TL052', N'Kỹ Năng Giải Quyết Vấn Đề', 2008, N'Kỹ năng sống', N'Tiếng Việt', 275, 'XB012'),
('TL053', N'Tập Hợp và Logic Toán Học', 1968, N'Toán học', N'Tiếng Nhật', 395, 'XB013'),
('TL054', N'Tiểu Thuyết: Sự Thật Đằng Sau Ánh Trăng', 1935, N'Tiểu thuyết/Văn học', N'Tiếng Anh', 580, 'XB014'),
('TL055', N'Phân Tích Dữ Liệu với R và Python', 2020, N'Công nghệ thông tin', N'Tiếng Việt', 440, 'XB015'),
('TL056', N'Đầu Tư Chứng Khoán Cho Người Mới', 2013, N'Kinh tế học', N'Tiếng Nhật', 325, 'XB016'),
('TL057', N'Thiền và Khoa Học Não Bộ', 2001, N'Kỹ năng sống', N'Tiếng Anh', 265, 'XB017'),
('TL058', N'Các Công Thức Vật Lý Hạt Nhân', 1952, N'Vật lý', N'Tiếng Việt', 540, 'XB018'),
('TL059', N'Phương Trình Vi Phân Thường', 1980, N'Toán học', N'Tiếng Nhật', 355, 'XB019'),
('TL060', N'Tiểu Thuyết: Bến Đỗ Của Những Linh Hồn', 1920, N'Tiểu thuyết/Văn học', N'Tiếng Anh', 610, 'XB020'),
('TL061', N'Hệ Điều Hành Linux Cơ Bản', 2007, N'Công nghệ thông tin', N'Tiếng Việt', 380, 'XB001'),
('TL062', N'Kinh Tế Lượng Ứng Dụng', 2011, N'Kinh tế học', N'Tiếng Nhật', 415, 'XB002'),
('TL063', N'Kỹ Năng Thuyết Trình Ấn Tượng', 1993, N'Kỹ năng sống', N'Tiếng Anh', 255, 'XB003'),
('TL064', N'Thiên Hà và Các Ngôi Sao', 1965, N'Vật lý', N'Tiếng Việt', 490, 'XB004'),
('TL065', N'Xác Suất Thống Kê Toán', 1972, N'Toán học', N'Tiếng Nhật', 405, 'XB005'),
('TL066', N'Tiểu Thuyết: Thành Phố Không Ngủ', 1950, N'Tiểu thuyết/Văn học', N'Tiếng Anh', 570, 'XB006'),
('TL067', N'An Toàn Thông Tin Mạng', 2024, N'Công nghệ thông tin', N'Tiếng Việt', 375, 'XB007'),
('TL068', N'Quản Lý Chuỗi Cung Ứng', 2019, N'Kinh tế học', N'Tiếng Nhật', 350, 'XB008'),
('TL069', N'Phát Triển Trí Tuệ Cảm Xúc', 2004, N'Kỹ năng sống', N'Tiếng Anh', 280, 'XB009'),
('TL070', N'Lý Thuyết Điện Từ', 1940, N'Vật lý', N'Tiếng Việt', 530, 'XB010'),
('TL071', N'Điện Toán Đám Mây AWS và Azure', 2023, N'Công nghệ thông tin', N'Tiếng Nhật', 470, 'XB011'),
('TL072', N'Tài Chính Cá Nhân: Lập Kế Hoạch', 2015, N'Kinh tế học', N'Tiếng Anh', 305, 'XB012'),
('TL073', N'Bảy Thói Quen Của Người Thành Đạt', 1991, N'Kỹ năng sống', N'Tiếng Việt', 310, 'XB013'),
('TL074', N'Thí Nghiệm Vật Lý Hiện Đại', 1988, N'Vật lý', N'Tiếng Nhật', 465, 'XB014'),
('TL075', N'Tối Ưu Hóa Tuyến Tính', 2003, N'Toán học', N'Tiếng Anh', 390, 'XB015'),
('TL076', N'Tiểu Thuyết: Ngày Cuối Cùng Của Mùa Hạ', 1962, N'Tiểu thuyết/Văn học', N'Tiếng Việt', 595, 'XB016'),
('TL077', N'Thiết Kế Game Cơ Bản với Unity', 2017, N'Công nghệ thông tin', N'Tiếng Nhật', 425, 'XB017'),
('TL078', N'Luật Kinh Doanh Quốc Tế', 2021, N'Kinh tế học', N'Tiếng Anh', 345, 'XB018'),
('TL079', N'Kỷ Luật Bản Thân', 2006, N'Kỹ năng sống', N'Tiếng Việt', 290, 'XB019'),
('TL080', N'Nhiệt Động Lực Học Kỹ Thuật', 1932, N'Vật lý', N'Tiếng Nhật', 515, 'XB020'),
('TL081', N'Lập Trình Song Song và Phân Tán', 2016, N'Công nghệ thông tin', N'Tiếng Anh', 485, 'XB001'),
('TL082', N'Kế Toán Quản Trị', 2009, N'Kinh tế học', N'Tiếng Việt', 365, 'XB002'),
('TL083', N'Sáng Tạo và Đổi Mới', 1994, N'Kỹ năng sống', N'Tiếng Nhật', 275, 'XB003'),
('TL084', N'Các Nguyên Tắc Cơ Bản Của Hóa Học', 1958, N'Vật lý', N'Tiếng Anh', 505, 'XB004'),
('TL085', N'Tôpô Đại Cương', 1983, N'Toán học', N'Tiếng Việt', 435, 'XB005'),
('TL086', N'Tiểu Thuyết: Sông Về Biển', 1937, N'Tiểu thuyết/Văn học', N'Tiếng Nhật', 600, 'XB006'),
('TL087', N'An Ninh Mạng Nâng Cao', 2024, N'Công nghệ thông tin', N'Tiếng Anh', 445, 'XB007'),
('TL088', N'Pháp Luật Lao Động', 2007, N'Kinh tế học', N'Tiếng Việt', 320, 'XB008'),
('TL089', N'Tâm Lý Học Tội Phạm', 1996, N'Kỹ năng sống', N'Tiếng Nhật', 300, 'XB009'),
('TL090', N'Thiết Kế Hệ Thống Điều Khiển', 1963, N'Vật lý', N'Tiếng Anh', 560, 'XB010'),
('TL091', N'Khoa Học Dữ Liệu và Học Máy', 2020, N'Công nghệ thông tin', N'Tiếng Việt', 495, 'XB011'),
('TL092', N'Quản Lý Khách Hàng (CRM)', 2013, N'Kinh tế học', N'Tiếng Nhật', 340, 'XB012'),
('TL093', N'Kỹ Năng Đọc Nhanh', 1997, N'Kỹ năng sống', N'Tiếng Anh', 260, 'XB013'),
('TL094', N'Cấu Trúc Chất Rắn', 1977, N'Vật lý', N'Tiếng Việt', 525, 'XB014'),
('TL095', N'Lý Thuyết Số Học', 1986, N'Toán học', N'Tiếng Nhật', 410, 'XB015'),
('TL096', N'Tiểu Thuyết: Vết Sẹo Của Quá Khứ', 1941, N'Tiểu thuyết/Văn học', N'Tiếng Anh', 615, 'XB016'),
('TL097', N'Phân Tích Thiết Kế Thuật Toán', 2011, N'Công nghệ thông tin', N'Tiếng Việt', 380, 'XB017'),
('TL098', N'Kinh Tế Phát Triển', 2005, N'Kinh tế học', N'Tiếng Nhật', 335, 'XB018'),
('TL099', N'Tự Tin Giao Tiếp', 2003, N'Kỹ năng sống', N'Tiếng Anh', 285, 'XB019'),
('TL100', N'Quang Học Hiện Đại', 1939, N'Vật lý', N'Tiếng Việt', 545, 'XB020'),
('TL101', N'Lập Trình Game 3D với C++', 2022, N'Công nghệ thông tin', N'Tiếng Nhật', 470, 'XB001'),
('TL102', N'Kỹ Năng Quản Lý Cảm Xúc', 1992, N'Kỹ năng sống', N'Tiếng Anh', 290, 'XB002'),
('TL103', N'Hóa Học Hữu Cơ Cơ Bản', 1954, N'Vật lý', N'Tiếng Việt', 510, 'XB003'),
('TL104', N'Phương Trình Đạo Hàm Riêng', 1981, N'Toán học', N'Tiếng Nhật', 400, 'XB004'),
('TL105', N'Lý Thuyết Trò Chơi', 2000, N'Kinh tế học', N'Tiếng Anh', 355, 'XB005'),
('TL106', N'Tiểu Thuyết: Hương Vị Của Đất', 1946, N'Tiểu thuyết/Văn học', N'Tiếng Việt', 620, 'XB006'),
('TL107', N'Cơ Sở Dữ Liệu Phi Quan Hệ (NoSQL)', 2024, N'Công nghệ thông tin', N'Tiếng Nhật', 450, 'XB007'),
('TL108', N'Lãnh Đạo Tình Thế', 2006, N'Kỹ năng sống', N'Tiếng Anh', 315, 'XB008'),
('TL109', N'Các Định Luật Nhiệt Động Học', 1974, N'Vật lý', N'Tiếng Việt', 550, 'XB009'),
('TL110', N'Giải Tích Phức', 1989, N'Toán học', N'Tiếng Nhật', 370, 'XB010'),
('TL111', N'Chiến Lược Marketing Thời Đại Số', 2021, N'Kinh tế học', N'Tiếng Anh', 330, 'XB011'),
('TL112', N'Tiểu Thuyết: Bên Kia Bờ Vực', 1928, N'Tiểu thuyết/Văn học', N'Tiếng Việt', 630, 'XB012'),
('TL113', N'Thực Hành Kỹ Thuật Điện Tử', 2014, N'Công nghệ thông tin', N'Tiếng Nhật', 460, 'XB013'),
('TL114', N'Sức Khỏe Tinh Thần và Công Việc', 2002, N'Kỹ năng sống', N'Tiếng Anh', 270, 'XB014'),
('TL115', N'Vật Lý Y Sinh', 1957, N'Vật lý', N'Tiếng Việt', 490, 'XB015'),
('TL116', N'Giải Tích Hàm', 1984, N'Toán học', N'Tiếng Nhật', 385, 'XB016'),
('TL117', N'Kinh Tế Toàn Cầu', 2017, N'Kinh tế học', N'Tiếng Anh', 375, 'XB017'),
('TL118', N'Tiểu Thuyết: Ánh Dương Giấu Kín', 1933, N'Tiểu thuyết/Văn học', N'Tiếng Việt', 605, 'XB018'),
('TL119', N'Mô Hình Hóa và Mô Phỏng Hệ Thống', 2010, N'Công nghệ thông tin', N'Tiếng Nhật', 430, 'XB019'),
('TL120', N'Nghệ Thuật Trình Bày Dữ Liệu', 2015, N'Kỹ năng sống', N'Tiếng Anh', 295, 'XB020'),
('TL121', N'Cơ Học Thủy Khí', 1971, N'Vật lý', N'Tiếng Việt', 515, 'XB001'),
('TL122', N'Đại Số Trừu Tượng', 1987, N'Toán học', N'Tiếng Nhật', 390, 'XB002'),
('TL123', N'Kỹ Năng Viết Email Chuyên Nghiệp', 2004, N'Kỹ năng sống', N'Tiếng Anh', 250, 'XB003'),
('TL124', N'Tiểu Thuyết: Những Ngày Hè Rực Rỡ', 1942, N'Tiểu thuyết/Văn học', N'Tiếng Việt', 585, 'XB004'),
('TL125', N'Phân Tích Thiết Kế Hệ Thống Hướng Đối Tượng', 2012, N'Công nghệ thông tin', N'Tiếng Nhật', 440, 'XB005'),
('TL126', N'Quản Lý Nhân Sự Hiện Đại', 2019, N'Kinh tế học', N'Tiếng Anh', 350, 'XB006'),
('TL127', N'Nghệ Thuật Sống Với Chính Mình', 2008, N'Kỹ năng sống', N'Tiếng Việt', 310, 'XB007'),
('TL128', N'Điện Tử Cơ Bản', 1969, N'Vật lý', N'Tiếng Nhật', 480, 'XB008'),
('TL129', N'Toán Học Rời Rạc', 1990, N'Toán học', N'Tiếng Anh', 360, 'XB009'),
('TL130', N'Tiểu Thuyết: Phía Sau Bức Màn Đen', 1922, N'Tiểu thuyết/Văn học', N'Tiếng Việt', 640, 'XB010'),
('TL131', N'Lập Trình Web Backend với Django', 2023, N'Công nghệ thông tin', N'Tiếng Nhật', 475, 'XB011'),
('TL132', N'Kinh Tế Học Hành Vi', 2016, N'Kinh tế học', N'Tiếng Anh', 380, 'XB012'),
('TL133', N'Trí Tuệ Tập Thể', 2001, N'Kỹ năng sống', N'Tiếng Việt', 290, 'XB013'),
('TL134', N'Vật Lý Bán Dẫn', 1976, N'Vật lý', N'Tiếng Nhật', 500, 'XB014'),
('TL135', N'Giải Tích Fourier', 1982, N'Toán học', N'Tiếng Anh', 410, 'XB015'),
('TL136', N'Tiểu Thuyết: Mùa Xuân Thứ Hai', 1951, N'Tiểu thuyết/Văn học', N'Tiếng Việt', 590, 'XB016'),
('TL137', N'An Toàn và Bảo Mật Hệ Thống Thông Tin', 2013, N'Công nghệ thông tin', N'Tiếng Nhật', 420, 'XB017'),
('TL138', N'Kỹ Năng Xây Dựng Mối Quan Hệ', 2005, N'Kỹ năng sống', N'Tiếng Anh', 265, 'XB018'),
('TL139', N'Quản Trị Chiến Lược', 2018, N'Kinh tế học', N'Tiếng Việt', 365, 'XB019'),
('TL140', N'Khoa Học Vật Liệu', 1973, N'Vật lý', N'Tiếng Nhật', 535, 'XB020'),
('TL141', N'Xác Suất Cho Kỹ Sư', 1999, N'Toán học', N'Tiếng Anh', 370, 'XB001'),
('TL142', N'Tiểu Thuyết: Lời Hứa Của Gió', 1961, N'Tiểu thuyết/Văn học', N'Tiếng Việt', 625, 'XB002'),
('TL143', N'Kỹ Thuật Xử Lý Ảnh Số', 2011, N'Công nghệ thông tin', N'Tiếng Nhật', 450, 'XB003'),
('TL144', N'Kỹ Năng Đàm Phán và Thuyết Phục', 2006, N'Kỹ năng sống', N'Tiếng Anh', 300, 'XB004'),
('TL145', N'Thống Kê Ứng Dụng', 1985, N'Toán học', N'Tiếng Việt', 380, 'XB005'),
('TL146', N'Tiểu Thuyết: Gánh Hàng Rong Trên Phố', 1938, N'Tiểu thuyết/Văn học', N'Tiếng Nhật', 580, 'XB006'),
('TL147', N'Cấu Trúc Dữ Liệu và Giải Thuật Nâng Cao', 2024, N'Công nghệ thông tin', N'Tiếng Anh', 460, 'XB007'),
('TL148', N'Tài Chính Doanh Nghiệp', 2017, N'Kinh tế học', N'Tiếng Việt', 390, 'XB008'),
('TL149', N'Tư Duy Phản Biện', 2003, N'Kỹ năng sống', N'Tiếng Nhật', 280, 'XB009'),
('TL150', N'Quang Điện Tử', 1970, N'Vật lý', N'Tiếng Anh', 510, 'XB010'),
('TL151', N'Lập Trình Di Động với Kotlin', 2023, N'Công nghệ thông tin', N'Tiếng Việt', 430, 'XB011'),
('TL152', N'Kinh Tế Vĩ Mô', 2015, N'Kinh tế học', N'Tiếng Nhật', 345, 'XB012'),
('TL153', N'Kỹ Năng Lắng Nghe Chủ Động', 1994, N'Kỹ năng sống', N'Tiếng Anh', 275, 'XB013'),
('TL154', N'Vật Lý Môi Trường', 1989, N'Vật lý', N'Tiếng Việt', 495, 'XB014'),
('TL155', N'Logic Toán Hiện Đại', 2000, N'Toán học', N'Tiếng Nhật', 360, 'XB015'),
('TL156', N'Tiểu Thuyết: Hồi Ức Về Ngày Mưa', 1956, N'Tiểu thuyết/Văn học', N'Tiếng Anh', 600, 'XB016'),
('TL157', N'Học Sâu và Mạng Nơ-ron', 2024, N'Công nghệ thông tin', N'Tiếng Việt', 480, 'XB017'),
('TL158', N'Quản Trị Rủi Ro Tài Chính', 2012, N'Kinh tế học', N'Tiếng Nhật', 355, 'XB018'),
('TL159', N'Tư Duy Tích Cực', 1991, N'Kỹ năng sống', N'Tiếng Anh', 310, 'XB019'),
('TL160', N'Vật Lý Plasma', 1964, N'Vật lý', N'Tiếng Việt', 525, 'XB020'),
('TL161', N'Hệ Thống Nhúng và IoT', 2023, N'Công nghệ thông tin', N'Tiếng Nhật', 440, 'XB001'),
('TL162', N'Kỹ Năng Phân Tích Định Lượng', 2007, N'Kỹ năng sống', N'Tiếng Anh', 280, 'XB002'),
('TL163', N'Đại Số Boolean và Mạch Số', 1980, N'Toán học', N'Tiếng Việt', 395, 'XB003'),
('TL164', N'Tiểu Thuyết: Bầu Trời Xanh Mãi Mãi', 1944, N'Tiểu thuyết/Văn học', N'Tiếng Nhật', 615, 'XB004'),
('TL165', N'Trí Tuệ Máy (Machine Intelligence)', 2021, N'Công nghệ thông tin', N'Tiếng Anh', 470, 'XB005'),
('TL166', N'Tổ Chức và Quản Lý Doanh Nghiệp', 2016, N'Kinh tế học', N'Tiếng Việt', 370, 'XB006'),
('TL167', N'Tâm Lý Học Giáo Dục', 1996, N'Kỹ năng sống', N'Tiếng Nhật', 305, 'XB007'),
('TL168', N'Lý Thuyết Đường Cong và Mặt', 1988, N'Toán học', N'Tiếng Anh', 410, 'XB008'),
('TL169', N'Điện Toán Lượng Tử', 1979, N'Vật lý', N'Tiếng Việt', 550, 'XB009'),
('TL170', N'Tiểu Thuyết: Biển Gọi', 1927, N'Tiểu thuyết/Văn học', N'Tiếng Nhật', 590, 'XB010'),
('TL171', N'Công Nghệ Big Data và Hadoop', 2019, N'Công nghệ thông tin', N'Tiếng Anh', 490, 'XB011'),
('TL172', N'Kỹ Năng Phỏng Vấn Tuyển Dụng', 2004, N'Kỹ năng sống', N'Tiếng Việt', 295, 'XB012'),
('TL173', N'Đại Số Tuyến Tính Hiện Đại', 1990, N'Toán học', N'Tiếng Nhật', 380, 'XB013'),
('TL174', N'Vật Lý Ứng Dụng Trong Y Học', 1967, N'Vật lý', N'Tiếng Anh', 510, 'XB014'),
('TL175', N'Lập Trình Hướng Dịch Vụ (SOA)', 2015, N'Công nghệ thông tin', N'Tiếng Việt', 450, 'XB015'),
('TL176', N'Thị Trường Chứng Khoán Cơ Bản', 2008, N'Kinh tế học', N'Tiếng Nhật', 360, 'XB016'),
('TL177', N'Nghệ Thuật Đọc Vị Người Khác', 2002, N'Kỹ năng sống', N'Tiếng Anh', 275, 'XB017'),
('TL178', N'Giải Tích Cổ Điển', 1975, N'Toán học', N'Tiếng Việt', 400, 'XB018'),
('TL179', N'Vật Lý Chất Lỏng', 1959, N'Vật lý', N'Tiếng Nhật', 500, 'XB019'),
('TL180', N'Tiểu Thuyết: Mùa Đông Ấm Áp', 1934, N'Tiểu thuyết/Văn học', N'Tiếng Anh', 630, 'XB020'),
('TL181', N'Phát Triển Ứng Dụng Thực Tế Ảo', 2024, N'Công nghệ thông tin', N'Tiếng Việt', 470, 'XB001'),
('TL182', N'Tâm Lý Học Về Quyết Định', 1998, N'Kỹ năng sống', N'Tiếng Nhật', 315, 'XB002'),
('TL183', N'Hóa Học Vật Liệu', 1966, N'Vật lý', N'Tiếng Anh', 520, 'XB003'),
('TL184', N'Phương Trình Tích Phân', 1983, N'Toán học', N'Tiếng Việt', 390, 'XB004'),
('TL185', N'Quản Trị Chiến Lược Marketing', 2017, N'Kinh tế học', N'Tiếng Nhật', 370, 'XB005'),
('TL186', N'Tiểu Thuyết: Gã Lang Thang Và Thành Phố', 1953, N'Tiểu thuyết/Văn học', N'Tiếng Anh', 605, 'XB006'),
('TL187', N'Cấu Trúc Máy Tính và Thiết Kế', 2011, N'Công nghệ thông tin', N'Tiếng Việt', 440, 'XB007'),
('TL188', N'Kỹ Năng Kiểm Soát Căng Thẳng', 2009, N'Kỹ năng sống', N'Tiếng Nhật', 285, 'XB008'),
('TL189', N'Cơ Học Thống Kê', 1978, N'Vật lý', N'Tiếng Anh', 530, 'XB009'),
('TL190', N'Xác Suất và Các Quá Trình Ngẫu Nhiên', 1986, N'Toán học', N'Tiếng Việt', 420, 'XB010'),
('TL191', N'Quản Trị Thương Mại Điện Tử', 2018, N'Kinh tế học', N'Tiếng Nhật', 350, 'XB011'),
('TL192', N'Tiểu Thuyết: Khoảng Cách Giữa Chúng Ta', 1924, N'Tiểu thuyết/Văn học', N'Tiếng Anh', 585, 'XB012'),
('TL193', N'Lập Trình Microcontroller', 2014, N'Công nghệ thông tin', N'Tiếng Việt', 410, 'XB013'),
('TL194', N'Kỹ Năng Đặt Câu Hỏi Hiệu Quả', 2005, N'Kỹ năng sống', N'Tiếng Nhật', 260, 'XB014'),
('TL195', N'Vật Lý Ứng Dụng Trong Môi Trường', 1977, N'Vật lý', N'Tiếng Anh', 495, 'XB015'),
('TL196', N'Đại Số Mờ và Ứng Dụng', 1981, N'Toán học', N'Tiếng Việt', 380, 'XB016'),
('TL197', N'Tài Chính Công', 2016, N'Kinh tế học', N'Tiếng Nhật', 340, 'XB017'),
('TL198', N'Tiểu Thuyết: Hòn Đảo Cô Đơn', 1949, N'Tiểu thuyết/Văn học', N'Tiếng Anh', 610, 'XB018'),
('TL199', N'An Toàn Hệ Thống Công Nghiệp', 2010, N'Công nghệ thông tin', N'Tiếng Việt', 460, 'XB019'),
('TL200', N'Kỹ Năng Hợp Tác Nhóm', 2003, N'Kỹ năng sống', N'Tiếng Nhật', 270, 'XB020');
COMMIT;

BEGIN;
-- Dữ liệu cho bảng SACH (Các tài liệu có thể cho mượn)
INSERT INTO Sach (maTaiLieu_s, lanTaiBan, ISBN) VALUES
('TL021', 2, 'ISBNTL021'),
('TL022', 5, 'ISBNTL022'),
('TL023', 8, 'ISBNTL023'),
('TL024', 3, 'ISBNTL024'),
('TL025', 1, 'ISBNTL025'),
('TL026', 7, 'ISBNTL026'),
('TL027', 4, 'ISBNTL027'),
('TL028', 6, 'ISBNTL028'),
('TL029', 2, 'ISBNTL029'),
('TL030', 5, 'ISBNTL030'),
('TL031', 8, 'ISBNTL031'),
('TL032', 3, 'ISBNTL032'),
('TL033', 1, 'ISBNTL033'),
('TL034', 7, 'ISBNTL034'),
('TL035', 4, 'ISBNTL035'),
('TL036', 6, 'ISBNTL036'),
('TL037', 2, 'ISBNTL037'),
('TL038', 5, 'ISBNTL038'),
('TL039', 8, 'ISBNTL039'),
('TL040', 3, 'ISBNTL040'),
('TL041', 1, 'ISBNTL041'),
('TL042', 7, 'ISBNTL042'),
('TL043', 4, 'ISBNTL043'),
('TL044', 6, 'ISBNTL044'),
('TL045', 2, 'ISBNTL045'),
('TL046', 5, 'ISBNTL046'),
('TL047', 8, 'ISBNTL047'),
('TL048', 3, 'ISBNTL048'),
('TL049', 1, 'ISBNTL049'),
('TL050', 7, 'ISBNTL050'),
('TL051', 4, 'ISBNTL051'),
('TL052', 6, 'ISBNTL052'),
('TL053', 2, 'ISBNTL053'),
('TL054', 5, 'ISBNTL054'),
('TL055', 8, 'ISBNTL055'),
('TL056', 3, 'ISBNTL056'),
('TL057', 1, 'ISBNTL057'),
('TL058', 7, 'ISBNTL058'),
('TL059', 4, 'ISBNTL059'),
('TL060', 6, 'ISBNTL060'),
('TL061', 2, 'ISBNTL061'),
('TL062', 5, 'ISBNTL062'),
('TL063', 8, 'ISBNTL063'),
('TL064', 3, 'ISBNTL064'),
('TL065', 1, 'ISBNTL065'),
('TL066', 7, 'ISBNTL066'),
('TL067', 4, 'ISBNTL067'),
('TL068', 6, 'ISBNTL068'),
('TL069', 2, 'ISBNTL069'),
('TL070', 5, 'ISBNTL070'),
('TL071', 8, 'ISBNTL071'),
('TL072', 3, 'ISBNTL072'),
('TL073', 1, 'ISBNTL073'),
('TL074', 7, 'ISBNTL074'),
('TL075', 4, 'ISBNTL075'),
('TL076', 6, 'ISBNTL076'),
('TL077', 2, 'ISBNTL077'),
('TL078', 5, 'ISBNTL078'),
('TL079', 8, 'ISBNTL079'),
('TL080', 3, 'ISBNTL080'),
('TL081', 1, 'ISBNTL081'),
('TL082', 7, 'ISBNTL082'),
('TL083', 4, 'ISBNTL083'),
('TL084', 6, 'ISBNTL084'),
('TL085', 2, 'ISBNTL085'),
('TL086', 5, 'ISBNTL086'),
('TL087', 8, 'ISBNTL087'),
('TL088', 3, 'ISBNTL088'),
('TL089', 1, 'ISBNTL089'),
('TL090', 7, 'ISBNTL090'),
('TL091', 4, 'ISBNTL091'),
('TL092', 6, 'ISBNTL092'),
('TL093', 2, 'ISBNTL093'),
('TL094', 5, 'ISBNTL094'),
('TL095', 8, 'ISBNTL095'),
('TL096', 3, 'ISBNTL096'),
('TL097', 1, 'ISBNTL097'),
('TL098', 7, 'ISBNTL098'),
('TL099', 4, 'ISBNTL099'),
('TL100', 6, 'ISBNTL100'),
('TL101', 2, 'ISBNTL101'),
('TL102', 5, 'ISBNTL102'),
('TL103', 8, 'ISBNTL103'),
('TL104', 3, 'ISBNTL104'),
('TL105', 1, 'ISBNTL105'),
('TL106', 7, 'ISBNTL106'),
('TL107', 4, 'ISBNTL107'),
('TL108', 6, 'ISBNTL108'),
('TL109', 2, 'ISBNTL109'),
('TL110', 5, 'ISBNTL110'),
('TL111', 8, 'ISBNTL111'),
('TL112', 3, 'ISBNTL112'),
('TL113', 1, 'ISBNTL113'),
('TL114', 7, 'ISBNTL114'),
('TL115', 4, 'ISBNTL115'),
('TL116', 6, 'ISBNTL116'),
('TL117', 2, 'ISBNTL117'),
('TL118', 5, 'ISBNTL118'),
('TL119', 8, 'ISBNTL119'),
('TL120', 3, 'ISBNTL120'),
('TL121', 1, 'ISBNTL121'),
('TL122', 7, 'ISBNTL122'),
('TL123', 4, 'ISBNTL123'),
('TL124', 6, 'ISBNTL124'),
('TL125', 2, 'ISBNTL125'),
('TL126', 5, 'ISBNTL126'),
('TL127', 8, 'ISBNTL127'),
('TL128', 3, 'ISBNTL128'),
('TL129', 1, 'ISBNTL129'),
('TL130', 7, 'ISBNTL130'),
('TL131', 4, 'ISBNTL131'),
('TL132', 6, 'ISBNTL132'),
('TL133', 2, 'ISBNTL133'),
('TL134', 5, 'ISBNTL134'),
('TL135', 8, 'ISBNTL135'),
('TL136', 3, 'ISBNTL136'),
('TL137', 1, 'ISBNTL137'),
('TL138', 7, 'ISBNTL138'),
('TL139', 4, 'ISBNTL139'),
('TL140', 6, 'ISBNTL140'),
('TL141', 2, 'ISBNTL141'),
('TL142', 5, 'ISBNTL142'),
('TL143', 8, 'ISBNTL143'),
('TL144', 3, 'ISBNTL144'),
('TL145', 1, 'ISBNTL145'),
('TL146', 7, 'ISBNTL146'),
('TL147', 4, 'ISBNTL147'),
('TL148', 6, 'ISBNTL148'),
('TL149', 2, 'ISBNTL149'),
('TL150', 5, 'ISBNTL150'),
('TL151', 8, 'ISBNTL151'),
('TL152', 3, 'ISBNTL152'),
('TL153', 1, 'ISBNTL153'),
('TL154', 7, 'ISBNTL154'),
('TL155', 4, 'ISBNTL155'),
('TL156', 6, 'ISBNTL156'),
('TL157', 2, 'ISBNTL157'),
('TL158', 5, 'ISBNTL158'),
('TL159', 8, 'ISBNTL159'),
('TL160', 3, 'ISBNTL160'),
('TL161', 1, 'ISBNTL161'),
('TL162', 7, 'ISBNTL162'),
('TL163', 4, 'ISBNTL163'),
('TL164', 6, 'ISBNTL164'),
('TL165', 2, 'ISBNTL165'),
('TL166', 5, 'ISBNTL166'),
('TL167', 8, 'ISBNTL167'),
('TL168', 3, 'ISBNTL168'),
('TL169', 1, 'ISBNTL169'),
('TL170', 7, 'ISBNTL170'),
('TL171', 4, 'ISBNTL171'),
('TL172', 6, 'ISBNTL172'),
('TL173', 2, 'ISBNTL173'),
('TL174', 5, 'ISBNTL174'),
('TL175', 8, 'ISBNTL175'),
('TL176', 3, 'ISBNTL176'),
('TL177', 1, 'ISBNTL177'),
('TL178', 7, 'ISBNTL178'),
('TL179', 4, 'ISBNTL179'),
('TL180', 6, 'ISBNTL180'),
('TL181', 2, 'ISBNTL181'),
('TL182', 5, 'ISBNTL182'),
('TL183', 8, 'ISBNTL183'),
('TL184', 3, 'ISBNTL184'),
('TL185', 1, 'ISBNTL185'),
('TL186', 7, 'ISBNTL186'),
('TL187', 4, 'ISBNTL187'),
('TL188', 6, 'ISBNTL188'),
('TL189', 2, 'ISBNTL189'),
('TL190', 5, 'ISBNTL190'),
('TL191', 8, 'ISBNTL191'),
('TL192', 3, 'ISBNTL192'),
('TL193', 1, 'ISBNTL193'),
('TL194', 7, 'ISBNTL194'),
('TL195', 4, 'ISBNTL195'),
('TL196', 6, 'ISBNTL196'),
('TL197', 2, 'ISBNTL197'),
('TL198', 5, 'ISBNTL198'),
('TL199', 8, 'ISBNTL199'),
('TL200', 3, 'ISBNTL200');
-- Dữ liệu cho bảng TAILIEUQUYHIEM (Đã được hiệu chỉnh Tình trạng và Mức độ quý hiếm)
INSERT INTO TaiLieuQuyHiem (maTaiLieu_TLQH, nguonGoc, tinhTrangBaoQuan, giaTri, mucDoQuyHiem, maKeSach) VALUES
('TL001', N'Bộ Văn Hóa', N'Cũ', 25000000.00, N'Rất hiếm', 'KS007'),
('TL002', N'Viện Sử Học', N'Mới', 50000000.00, N'Độc bản', 'KS009'),
('TL003', N'Bản dịch cũ', N'Cũ', 80000000.00, N'Rất hiếm', 'KS007'),
('TL004', N'Đơn vị y học cổ', N'Mới', 12000000.00, N'Hiếm', 'KS007'),
('TL005', N'Cục Lưu trữ quốc gia', N'Mới', 150000000.00, N'Độc bản', 'KS008'),
('TL006', N'Tòa soạn Báo', N'Mới', 15000000.00, N'Hiếm', 'KS010'),
('TL007', N'Dòng họ Nguyễn', N'Mới', 35000000.00, N'Rất hiếm', 'KS009'),
('TL008', N'Bản thảo đầu tiên', N'Mới', 30000000.00, N'Rất hiếm', 'KS007'),
('TL009', N'Thư viện Trung ương', N'Mới', 20000000.00, N'Hiếm', 'KS008'),
('TL010', N'Nhà thờ Lớn', N'Cũ', 10000000.00, N'Hiếm', 'KS010'),
('TL011', N'Nhà sưu tầm tư nhân', N'Mới', 5000000.00, N'Hiếm', 'KS007'),
('TL012', N'Viện Sinh học', N'Mới', 8000000.00, N'Hiếm', 'KS008'),
('TL013', N'Trường Đại học Bách Khoa', N'Mới', 2500000.00, N'Hiếm', 'KS008'),
('TL014', N'Sở Xây dựng', N'Mới', 7500000.00, N'Hiếm', 'KS008'),
('TL015', N'Cục Địa chính', N'Cũ', 15000000.00, N'Hiếm', 'KS009'),
('TL016', N'Bộ Tư pháp', N'Mới', 9000000.00, N'Hiếm', 'KS009'),
('TL017', N'Bảo tàng Mỹ thuật', N'Mới', 6000000.00, N'Hiếm', 'KS009'),
('TL018', N'Cục Cảnh sát', N'Mới', 8000000.00, N'Hiếm', 'KS010'),
('TL019', N'Viện Hóa học', N'Mới', 4000000.00, N'Hiếm', 'KS010'),
('TL020', N'Quỹ khoa học', N'Mới', 11000000.00, N'Hiếm', 'KS010');
COMMIT;

BEGIN;
-- Dữ liệu cho bảng SANGTAC (Liên kết TaiLieu và TacGia)
INSERT INTO SangTac (maTaiLieu, maTacGia) VALUES
('TL021', 'TG001'),
('TL061', 'TG001'),
('TL101', 'TG001'),
('TL181', 'TG001'),
('TL022', 'TG002'),
('TL062', 'TG002'),
('TL102', 'TG002'),
('TL141', 'TG002'),
('TL142', 'TG002'),
('TL182', 'TG002'),
('TL023', 'TG003'),
('TL063', 'TG003'),
('TL103', 'TG003'),
('TL143', 'TG003'),
('TL183', 'TG003'),
('TL002', 'TG004'),
('TL007', 'TG004'),
('TL015', 'TG004'),
('TL104', 'TG004'),
('TL144', 'TG004'),
('TL184', 'TG004'),
('TL024', 'TG005'),
('TL025', 'TG005'),
('TL064', 'TG005'),
('TL065', 'TG005'),
('TL105', 'TG005'),
('TL145', 'TG005'),
('TL185', 'TG005'),
('TL020', 'TG006'),
('TL026', 'TG006'),
('TL066', 'TG006'),
('TL106', 'TG006'),
('TL146', 'TG006'),
('TL186', 'TG006'),
('TL001', 'TG007'),
('TL027', 'TG007'),
('TL067', 'TG007'),
('TL107', 'TG007'),
('TL147', 'TG007'),
('TL187', 'TG007'),
('TL028', 'TG008'),
('TL068', 'TG008'),
('TL108', 'TG008'),
('TL148', 'TG008'),
('TL188', 'TG008'),
('TL029', 'TG009'),
('TL069', 'TG009'),
('TL109', 'TG009'),
('TL149', 'TG009'),
('TL189', 'TG009'),
('TL030', 'TG010'),
('TL070', 'TG010'),
('TL110', 'TG010'),
('TL150', 'TG010'),
('TL190', 'TG010'),
('TL009', 'TG011'),
('TL031', 'TG011'),
('TL071', 'TG011'),
('TL111', 'TG011'),
('TL151', 'TG011'),
('TL191', 'TG011'),
('TL032', 'TG012'),
('TL072', 'TG012'),
('TL112', 'TG012'),
('TL152', 'TG012'),
('TL192', 'TG012'),
('TL033', 'TG013'),
('TL073', 'TG013'),
('TL113', 'TG013'),
('TL153', 'TG013'),
('TL193', 'TG013'),
('TL016', 'TG014'),
('TL034', 'TG014'),
('TL074', 'TG014'),
('TL114', 'TG014'),
('TL154', 'TG014'),
('TL194', 'TG014'),
('TL035', 'TG015'),
('TL075', 'TG015'),
('TL115', 'TG015'),
('TL155', 'TG015'),
('TL195', 'TG015'),
('TL018', 'TG016'),
('TL036', 'TG016'),
('TL076', 'TG016'),
('TL116', 'TG016'),
('TL156', 'TG016'),
('TL196', 'TG016'),
('TL005', 'TG017'),
('TL014', 'TG017'),
('TL037', 'TG017'),
('TL117', 'TG017'),
('TL157', 'TG017'),
('TL197', 'TG017'),
('TL004', 'TG018'),
('TL038', 'TG018'),
('TL077', 'TG018'),
('TL078', 'TG018'),
('TL118', 'TG018'),
('TL158', 'TG018'),
('TL198', 'TG018'),
('TL039', 'TG019'),
('TL079', 'TG019'),
('TL119', 'TG019'),
('TL199', 'TG019'),
('TL040', 'TG020'),
('TL080', 'TG020'),
('TL120', 'TG020'),
('TL122', 'TG020'),
('TL159', 'TG020'),
('TL160', 'TG020'),
('TL162', 'TG020'),
('TL200', 'TG020'),
('TL006', 'TG021'),
('TL041', 'TG021'),
('TL081', 'TG021'),
('TL121', 'TG021'),
('TL161', 'TG021'),
('TL008', 'TG022'),
('TL042', 'TG022'),
('TL082', 'TG022'),
('TL043', 'TG023'),
('TL083', 'TG023'),
('TL123', 'TG023'),
('TL163', 'TG023'),
('TL044', 'TG024'),
('TL084', 'TG024'),
('TL124', 'TG024'),
('TL164', 'TG024'),
('TL045', 'TG025'),
('TL085', 'TG025'),
('TL125', 'TG025'),
('TL165', 'TG025'),
('TL046', 'TG026'),
('TL086', 'TG026'),
('TL126', 'TG026'),
('TL166', 'TG026'),
('TL047', 'TG027'),
('TL087', 'TG027'),
('TL127', 'TG027'),
('TL167', 'TG027'),
('TL013', 'TG028'),
('TL048', 'TG028'),
('TL049', 'TG028'),
('TL088', 'TG028'),
('TL128', 'TG028'),
('TL168', 'TG028'),
('TL020', 'TG029'),
('TL089', 'TG029'),
('TL129', 'TG029'),
('TL169', 'TG029'),
('TL012', 'TG030'),
('TL019', 'TG030'),
('TL050', 'TG030'),
('TL090', 'TG030'),
('TL130', 'TG030'),
('TL170', 'TG030'),
('TL051', 'TG031'),
('TL091', 'TG031'),
('TL131', 'TG031'),
('TL171', 'TG031'),
('TL052', 'TG032'),
('TL092', 'TG032'),
('TL132', 'TG032'),
('TL172', 'TG032'),
('TL001', 'TG033'),
('TL053', 'TG033'),
('TL093', 'TG033'),
('TL133', 'TG033'),
('TL173', 'TG033'),
('TL003', 'TG034'),
('TL054', 'TG034'),
('TL094', 'TG034'),
('TL134', 'TG034'),
('TL174', 'TG034'),
('TL055', 'TG035'),
('TL095', 'TG035'),
('TL135', 'TG035'),
('TL175', 'TG035'),
('TL010', 'TG036'),
('TL056', 'TG036'),
('TL096', 'TG036'),
('TL136', 'TG036'),
('TL176', 'TG036'),
('TL011', 'TG037'),
('TL057', 'TG037'),
('TL097', 'TG037'),
('TL137', 'TG037'),
('TL177', 'TG037'),
('TL017', 'TG038'),
('TL058', 'TG038'),
('TL098', 'TG038'),
('TL138', 'TG038'),
('TL178', 'TG038'),
('TL059', 'TG039'),
('TL099', 'TG039'),
('TL139', 'TG039'),
('TL179', 'TG039'),
('TL060', 'TG040'),
('TL100', 'TG040'),
('TL140', 'TG040'),
('TL180', 'TG040');
COMMIT;

BEGIN;
-- Dữ liệu cho bảng DOCGIA
INSERT INTO DocGia (maDocGia, tenDocGia, diaChi, email, ngaySinh) VALUES
('DG001', N'Nguyễn Văn An', N'123 Đường A, Hà Nội', 'an.nv@email.com', '1998-05-15'),
('DG002', N'Trần Thị Bình', N'456 Phố B, TP.HCM', 'binh.tt@email.com', '1997-11-20'),
('DG003', N'Lê Văn Cường', N'789 Ngõ C, Đà Nẵng', 'cuong.lv@email.com', '1985-03-10'),
('DG004', N'Phạm Thị Dung', N'321 Đường D, Hải Phòng', 'dung.pt@email.com', '1990-09-25'),
('DG005', N'Hoàng Minh Đức', N'987 Phố E, Hà Nội', 'duc.hm@email.com', '1975-01-01'),
('DG006', N'Vũ Thu Hà', N'654 Ngõ F, TP.HCM', 'ha.vt@email.com', '2000-07-07'),
('DG007', N'Đỗ Quốc Khánh', N'111 Đường G, Cần Thơ', 'khanh.dq@email.com', '1995-12-12'),
('DG008', N'Bùi Thị Lan', N'222 Phố H, Huế', 'lan.bt@email.com', '1980-02-29'),
('DG009', N'Chu Văn Mạnh', N'333 Ngõ I, Đà Nẵng', 'manh.cv@email.com', '1999-04-18'),
('DG010', N'Đinh Thị Ngọc', N'444 Đường K, Hà Nội', 'ngoc.dt@email.com', '1996-08-05'),
('DG011', N'Nguyễn Trọng Phúc', N'555 Phố L, TP.HCM', 'phuc.nt@email.com', '1988-10-10'),
('DG012', N'Lê Thị Quyên', N'666 Ngõ M, Hải Phòng', 'quyen.lt@email.com', '2001-01-22'),
('DG013', N'Phan Văn Tài', N'777 Đường N, Hà Nội', 'tai.pv@email.com', '1970-06-30'),
('DG014', N'Trần Minh Uy', N'888 Phố P, Cần Thơ', 'uy.tm@email.com', '1994-03-03'),
('DG015', N'Võ Thị Vân', N'999 Ngõ Q, Huế', 'van.vt@email.com', '1993-09-19'),
('DG016', N'Mai Hồng Anh', N'101 Đường R, TP.HCM', 'anh.mh@email.com', '2002-05-08'),
('DG017', N'Kiều Văn Bách', N'202 Phố S, Hà Nội', 'bach.kv@email.com', '1982-11-27'),
('DG018', N'Dương Thùy Chi', N'303 Ngõ T, Đà Nẵng', 'chi.dt@email.com', '1978-02-14'),
('DG019', N'Tô Văn Duy', N'404 Đường U, Cần Thơ', 'duy.tv@email.com', '2003-08-01'),
('DG020', N'Nguyễn Thị Gấm', N'505 Phố V, Hà Nội', 'gam.nt@email.com', '1991-04-04'),
('DG021', N'Hoàng Quốc Hưng', N'606 Ngõ W, TP.HCM', 'hung.hq@email.com', '1987-07-17'),
('DG022', N'Lê Thị Kiều', N'707 Đường X, Hải Phòng', 'kieu.lt@email.com', '1992-12-29'),
('DG023', N'Mạc Văn Lân', N'808 Phố Y, Hà Nội', 'lan.mv@email.com', '2000-10-06'),
('DG024', N'Nguyễn Thị Mỹ', N'909 Ngõ Z, Cần Thơ', 'my.nt@email.com', '1997-03-21'),
('DG025', N'Phạm Văn Nam', N'12A Đường AA, Huế', 'nam.pv@email.com', '1973-05-15'),
('DG026', N'Tạ Thị Oanh', N'34B Phố BB, TP.HCM', 'oanh.tt@email.com', '1984-11-11'),
('DG027', N'Vương Văn Phát', N'56C Ngõ CC, Đà Nẵng', 'phat.vv@email.com', '1995-01-25'),
('DG028', N'Đinh Thị Sen', N'78D Đường DD, Hà Nội', 'sen.dt@email.com', '1990-07-02'),
('DG029', N'Cao Văn Tú', N'90E Phố EE, Cần Thơ', 'tu.cv@email.com', '2001-09-09'),
('DG030', N'Nguyễn Thu Uyên', N'13F Ngõ FF, Hải Phòng', 'uyen.nt@email.com', '1976-02-20'),
('DG031', N'Hồ Văn Vinh', N'24G Đường GG, Hà Nội', 'vinh.hv@email.com', '1989-08-14'),
('DG032', N'Lý Thị Xuân', N'35H Phố HH, TP.HCM', 'xuan.lt@email.com', '1994-04-26'),
('DG033', N'Đào Trọng Yến', N'46I Ngõ II, Đà Nẵng', 'yen.dt@email.com', '2002-12-05'),
('DG034', N'Trần Văn Bằng', N'57K Đường KK, Huế', 'bang.tv@email.com', '1977-10-17'),
('DG035', N'Nguyễn Thu Cúc', N'68L Phố LL, Hà Nội', 'cuc.nt@email.com', '1996-03-16'),
('DG036', N'Phan Văn Đồng', N'79M Ngõ MM, TP.HCM', 'dong.pv@email.com', '1981-06-09'),
('DG037', N'Vũ Thị Giang', N'80N Đường NN, Cần Thơ', 'giang.vt@email.com', '1993-11-04'),
('DG038', N'Lê Minh Hải', N'91P Phố PP, Hải Phòng', 'hai.lm@email.com', '1974-01-28'),
('DG039', N'Trần Thị Hòa', N'02Q Ngõ QQ, Hà Nội', 'hoa.tt@email.com', '2000-05-01'),
('DG040', N'Hoàng Văn Khải', N'13R Đường RR, TP.HCM', 'khai.hv@email.com', '1986-09-13'),
('DG041', N'Nguyễn Văn Liêm', N'24S Phố SS, Đà Nẵng', 'liem.nv@email.com', '1999-02-07'),
('DG042', N'Đinh Thị Mơ', N'35T Ngõ TT, Huế', 'mo.dt@email.com', '1979-04-03'),
('DG043', N'Phạm Văn Ngà', N'46U Đường UU, Hà Nội', 'nga.pv@email.com', '1995-12-10'),
('DG044', N'Võ Thị Oanh', N'57V Phố VV, Cần Thơ', 'oanh.vt@email.com', '1983-07-22'),
('DG045', N'Trần Minh Quân', N'68W Ngõ WW, Hải Phòng', 'quan.tm@email.com', '1998-10-31'),
('DG046', N'Lê Thị Sương', N'79X Đường XX, Hà Nội', 'suong.lt@email.com', '1971-08-08'),
('DG047', N'Nguyễn Văn Thắng', N'80Y Phố YY, TP.HCM', 'thang.nv@email.com', '1997-01-14'),
('DG048', N'Hồ Thị Trà', N'91Z Ngõ ZZ, Đà Nẵng', 'tra.ht@email.com', '1985-06-27'),
('DG049', N'Đinh Văn Út', N'10A Đường 1A, Huế', 'ut.dv@email.com', '2003-04-12'),
('DG050', N'Phan Thị Vui', N'20B Phố 2B, Hà Nội', 'vui.pt@email.com', '1972-11-06');
COMMIT;

BEGIN;
-- Dữ liệu cho bảng SDT_DOCGIA (Số điện thoại của Độc giả)
INSERT INTO docgia_sdt (maDocGia, sdt) VALUES
('DG010', '0812345000'),
('DG046', '0841234777'),
('DG049', '0851234999'),
('DG050', '0861234000'),
('DG001', '0891234567'),
('DG001', '0901112233'),
('DG002', '0902223344'),
('DG003', '0903334455'),
('DG004', '0904445566'),
('DG005', '0905556677'),
('DG006', '0906667788'),
('DG007', '0907778899'),
('DG008', '0908889900'),
('DG009', '0909990011'),
('DG010', '0910001122'),
('DG011', '0911112233'),
('DG012', '0912223344'),
('DG013', '0913334455'),
('DG014', '0914445566'),
('DG015', '0915556677'),
('DG016', '0916667788'),
('DG017', '0917778899'),
('DG018', '0918889900'),
('DG019', '0919990011'),
('DG020', '0920001122'),
('DG021', '0921112233'),
('DG022', '0922223344'),
('DG023', '0923334455'),
('DG024', '0924445566'),
('DG025', '0925556677'),
('DG026', '0926667788'),
('DG027', '0927778899'),
('DG028', '0928889900'),
('DG029', '0929990011'),
('DG030', '0930001122'),
('DG031', '0931112233'),
('DG032', '0932223344'),
('DG033', '0933334455'),
('DG034', '0934445566'),
('DG035', '0935556677'),
('DG036', '0936667788'),
('DG037', '0937778899'),
('DG038', '0938889900'),
('DG039', '0939990011'),
('DG040', '0940001122'),
('DG041', '0941112233'),
('DG042', '0942223344'),
('DG043', '0943334455'),
('DG044', '0944445566'),
('DG045', '0945556677'),
('DG046', '0946667788'),
('DG047', '0947778899'),
('DG048', '0948889900'),
('DG049', '0949990011'),
('DG050', '0950001122');
COMMIT;

BEGIN;
-- Dữ liệu cho bảng NHANVIEN (Đã điều chỉnh tên cột và chức vụ theo yêu cầu)
INSERT INTO NhanVien (maNhanVien, tenNhanVien, ngaySinh, chucVu, email, SDT) VALUES
('NV001', N'Trần Thanh Tâm', '1995-02-28', N'Quản trị hệ thống', 'tam.tt@library.vn', '0901234567'),
('NV002', N'Lê Văn Hiếu', '1998-07-19', N'Thủ thư', 'hieu.lv@library.vn', '0901234568'),
('NV003', N'Phạm Thị Yến', '2000-01-05', N'Thủ thư', 'yen.pt@library.vn', '0901234569'),
('NV004', N'Nguyễn Minh Quang', '1996-04-12', N'Thủ thư', 'quang.nm@library.vn', '0901234570'),
('NV005', N'Võ Thị Mai', '1997-11-25', N'Thủ thư', 'mai.vt@library.vn', '0901234571'),
('NV006', N'Đinh Quốc Việt', '1994-08-30', N'Thủ thư', 'viet.dq@library.vn', '0901234572'),
('NV007', N'Hồ Thị Kim', '1999-03-17', N'Thủ thư', 'kim.ht@library.vn', '0901234573'),
('NV008', N'Bùi Văn Thắng', '1995-10-10', N'Quản lý kho', 'thang.bv@library.vn', '0901234574'),
('NV009', N'Cao Xuân Hùng', '1998-12-01', N'Thủ thư', 'hung.cx@library.vn', '0901234575'),
('NV010', N'Lý Thị Na', '2001-05-09', N'Thủ thư', 'na.lt@library.vn', '0901234576'),
('NV011', N'Mai Văn Tấn', '1993-06-21', N'Quản trị hệ thống', 'tan.mv@library.vn', '0901234577'),
('NV012', N'Trịnh Thu Sương', '1997-09-03', N'Thủ thư', 'suong.tt@library.vn', '0901234578'),
('NV013', N'Nguyễn Hoàng Lâm', '1996-02-14', N'Thủ thư', 'lam.nh@library.vn', '0901234579'),
('NV014', N'Phan Đình Tiến', '1994-07-07', N'Thủ thư', 'tien.pd@library.vn', '0901234580'),
('NV015', N'Vũ Thị Liễu', '1999-04-20', N'Thủ thư', 'lieu.vt@library.vn', '0901234581');
COMMIT;

BEGIN;
INSERT INTO PhieuMuon (maPhieuMuon, maDocGia, maNhanVien, ghiChu) VALUES
('PM001', 'DG007', 'NV007', N'Đã trả đúng hạn'),
('PM002', 'DG015', 'NV015', N'Sách trả muộn 3 ngày, đã nộp phạt'),
('PM003', 'DG002', 'NV002', N'Độc giả mới, đã hướng dẫn quy định'),
('PM004', 'DG009', 'NV009', N'Trả sớm 1 ngày'),
('PM005', 'DG004', 'NV004', NULL),
('PM006', 'DG013', 'NV013', N'Đã gửi email nhắc nhở quá hạn lần 1'),
('PM007', 'DG005', 'NV005', N'Sách mượn dùng cho dự án nghiên cứu'),
('PM008', 'DG002', 'NV002', NULL),
('PM009', 'DG006', 'NV006', NULL),
('PM010', 'DG008', 'NV008', N'Đã kiểm tra sách, tình trạng tốt'),
('PM011', 'DG001', 'NV001', N'Mất phiếu mượn, đã xác nhận qua CMND'),
('PM012', 'DG003', 'NV003', N'Ghi chú về việc gia hạn sau này'),
('PM013', 'DG010', 'NV010', NULL),
('PM014', 'DG007', 'NV007', NULL),
('PM015', 'DG014', 'NV014', N'Sách có dấu vết rách ở trang bìa'),
('PM016', 'DG001', 'NV001', NULL),
('PM017', 'DG005', 'NV005', NULL),
('PM018', 'DG012', 'NV012', N'Chưa liên lạc được để thu hồi'),
('PM019', 'DG003', 'NV003', NULL),
('PM020', 'DG011', 'NV011', NULL),
('PM021', 'DG002', 'NV002', N'Đã khóa tài khoản do quá hạn liên tục'),
('PM022', 'DG008', 'NV008', NULL),
('PM023', 'DG004', 'NV004', N'Độc giả thường xuyên'),
('PM024', 'DG006', 'NV006', NULL),
('PM025', 'DG009', 'NV009', N'Đã báo cáo sách quá hạn lên quản lý'),
('PM026', 'DG001', 'NV001', NULL),
('PM027', 'DG010', 'NV010', NULL),
('PM028', 'DG003', 'NV003', N'Đã gửi tin nhắn nhắc nhở'),
('PM029', 'DG007', 'NV007', NULL),
('PM030', 'DG015', 'NV015', N'Mượn sách ngoại văn'),
('PM031', 'DG004', 'NV004', NULL),
('PM032', 'DG011', 'NV011', N'Quá hạn 5 ngày, đã nộp phạt'),
('PM033', 'DG005', 'NV005', NULL),
('PM034', 'DG002', 'NV002', NULL),
('PM035', 'DG013', 'NV013', N'Hẹn trả vào ngày mai'),
('PM036', 'DG006', 'NV006', NULL),
('PM037', 'DG008', 'NV008', NULL),
('PM038', 'DG009', 'NV009', N'Quá hạn, đã gửi thư cảnh báo'),
('PM039', 'DG010', 'NV010', NULL),
('PM040', 'DG014', 'NV014', NULL),
('PM041', 'DG001', 'NV001', N'Sách trả bị ướt, đã lập biên bản'),
('PM042', 'DG003', 'NV003', NULL),
('PM043', 'DG007', 'NV007', NULL),
('PM044', 'DG012', 'NV012', N'Đã liên lạc thành công, hẹn 3 ngày sau trả'),
('PM045', 'DG004', 'NV004', N'Đã đồng ý gia hạn thêm 7 ngày'),
('PM046', 'DG006', 'NV006', NULL),
('PM047', 'DG015', 'NV015', NULL),
('PM048', 'DG005', 'NV005', NULL),
('PM049', 'DG008', 'NV008', NULL),
('PM050', 'DG013', 'NV013', NULL),
('PM051', 'DG021', 'NV010', NULL),
('PM052', 'DG034', 'NV002', N'Đã đồng ý gia hạn thêm 7 ngày'),
('PM053', 'DG046', 'NV004', N'Quá hạn, đang chờ phản hồi'),
('PM054', 'DG007', 'NV007', NULL),
('PM055', 'DG029', 'NV009', N'Đã mượn qua dịch vụ trực tuyến'),
('PM056', 'DG011', 'NV011', NULL),
('PM057', 'DG001', 'NV001', NULL),
('PM058', 'DG028', 'NV003', NULL),
('PM059', 'DG019', 'NV014', NULL),
('PM060', 'DG042', 'NV005', N'Quá hạn, ĐG đang đi công tác'),
('PM061', 'DG037', 'NV008', NULL),
('PM062', 'DG049', 'NV006', NULL),
('PM063', 'DG010', 'NV010', N'Đã nộp phạt trễ 20.000đ'),
('PM064', 'DG041', 'NV013', NULL),
('PM065', 'DG023', 'NV002', NULL),
('PM066', 'DG045', 'NV015', N'Cần theo dõi sát tình trạng trả'),
('PM067', 'DG050', 'NV004', NULL),
('PM068', 'DG014', 'NV007', NULL),
('PM069', 'DG030', 'NV009', N'Sách mượn là tài liệu tham khảo'),
('PM070', 'DG001', 'NV006', NULL),
('PM071', 'DG026', 'NV012', NULL),
('PM072', 'DG044', 'NV001', NULL),
('PM073', 'DG003', 'NV003', NULL),
('PM074', 'DG017', 'NV010', NULL),
('PM075', 'DG029', 'NV014', N'Quá hạn, đã gửi thông báo tự động'),
('PM076', 'DG004', 'NV005', NULL),
('PM077', 'DG006', 'NV013', NULL),
('PM078', 'DG012', 'NV008', NULL),
('PM079', 'DG025', 'NV011', NULL),
('PM080', 'DG040', 'NV004', NULL),
('PM081', 'DG031', 'NV006', NULL),
('PM082', 'DG048', 'NV009', N'Đã xác nhận lại ngày trả qua điện thoại'),
('PM083', 'DG007', 'NV015', NULL),
('PM084', 'DG034', 'NV007', N'Quá hạn lâu, đã chuyển sang tình trạng mất'),
('PM085', 'DG046', 'NV002', NULL),
('PM086', 'DG021', 'NV010', NULL),
('PM087', 'DG034', 'NV012', NULL),
('PM088', 'DG049', 'NV001', N'Sách giáo trình'),
('PM089', 'DG050', 'NV003', NULL),
('PM090', 'DG019', 'NV014', N'Đã trả sách và mua sách mới đền bù'),
('PM091', 'DG042', 'NV005', NULL),
('PM092', 'DG037', 'NV008', NULL),
('PM093', 'DG041', 'NV013', NULL),
('PM094', 'DG023', 'NV004', NULL),
('PM095', 'DG045', 'NV006', NULL),
('PM096', 'DG050', 'NV009', N'Đã đồng ý gia hạn thêm 7 ngày'),
('PM097', 'DG014', 'NV011', NULL),
('PM098', 'DG030', 'NV010', NULL),
('PM099', 'DG017', 'NV015', NULL),
('PM100', 'DG029', 'NV003', N'Đã mượn 2 tài liệu cùng lúc');
COMMIT;

BEGIN;
INSERT INTO BanIn (maBanIn, maTaiLieu_s, ngayNhap, maKeSach) VALUES
('BI001', 'TL021', '2024-06-01', 'KS001'),
('BI002', 'TL021', '2024-06-01', 'KS001'),
('BI003', 'TL022', '2024-07-20', 'KS002'),
('BI004', 'TL022', '2024-07-20', 'KS002'),
('BI005', 'TL023', '2022-01-01', 'KS003'),
('BI006', 'TL023', '2023-09-01', 'KS003'),
('BI007', 'TL024', '2022-01-01', 'KS004'),
('BI008', 'TL024', '2025-02-01', 'KS004'),
('BI009', 'TL024', '2025-02-01', 'KS004'),
('BI010', 'TL025', '2022-01-01', 'KS005'),
('BI011', 'TL025', '2022-01-01', 'KS005'),
('BI012', 'TL025', '2024-05-01', 'KS005'),
('BI013', 'TL026', '2022-01-01', 'KS006'),
('BI014', 'TL026', '2022-01-01', 'KS006'),
('BI015', 'TL026', '2023-07-15', 'KS006'),
('BI016', 'TL027', '2022-01-01', 'KS001'),
('BI017', 'TL027', '2022-01-01', 'KS001'),
('BI018', 'TL027', '2022-01-01', 'KS001'),
('BI019', 'TL027', '2025-01-01', 'KS001'),
('BI020', 'TL028', '2022-01-01', 'KS002'),
('BI021', 'TL028', '2022-01-01', 'KS002'),
('BI022', 'TL028', '2022-01-01', 'KS002'),
('BI023', 'TL028', '2024-10-01', 'KS002'),
('BI024', 'TL029', '2022-01-01', 'KS003'),
('BI025', 'TL029', '2022-01-01', 'KS003'),
('BI026', 'TL029', '2022-01-01', 'KS003'),
('BI027', 'TL029', '2022-01-01', 'KS003'),
('BI028', 'TL030', '2022-01-01', 'KS004'),
('BI029', 'TL030', '2022-01-01', 'KS004'),
('BI030', 'TL030', '2022-01-01', 'KS004'),
('BI031', 'TL030', '2022-01-01', 'KS004'),
('BI032', 'TL031', '2022-01-01', 'KS005'),
('BI033', 'TL031', '2022-01-01', 'KS005'),
('BI034', 'TL031', '2022-01-01', 'KS005'),
('BI035', 'TL031', '2022-01-01', 'KS005'),
('BI036', 'TL031', '2022-01-01', 'KS005'),
('BI037', 'TL032', '2022-01-01', 'KS006'),
('BI038', 'TL032', '2022-01-01', 'KS006'),
('BI039', 'TL032', '2022-01-01', 'KS006'),
('BI040', 'TL032', '2022-01-01', 'KS006'),
('BI041', 'TL032', '2022-01-01', 'KS006'),
('BI042', 'TL033', '2022-01-01', 'KS001'),
('BI043', 'TL033', '2022-01-01', 'KS001'),
('BI044', 'TL033', '2022-01-01', 'KS001'),
('BI045', 'TL033', '2022-01-01', 'KS001'),
('BI046', 'TL033', '2022-01-01', 'KS001'),
('BI047', 'TL033', '2022-01-01', 'KS001'),
('BI048', 'TL034', '2022-01-01', 'KS002'),
('BI049', 'TL034', '2022-01-01', 'KS002'),
('BI050', 'TL034', '2022-01-01', 'KS002'),
('BI051', 'TL034', '2022-01-01', 'KS002'),
('BI052', 'TL034', '2022-01-01', 'KS002'),
('BI053', 'TL034', '2022-01-01', 'KS002'),
('BI054', 'TL035', '2022-01-01', 'KS003'),
('BI055', 'TL035', '2022-01-01', 'KS003'),
('BI056', 'TL035', '2022-01-01', 'KS003'),
('BI057', 'TL035', '2022-01-01', 'KS003'),
('BI058', 'TL035', '2022-01-01', 'KS003'),
('BI059', 'TL035', '2022-01-01', 'KS003'),
('BI060', 'TL035', '2022-01-01', 'KS003'),
('BI061', 'TL036', '2022-01-01', 'KS004'),
('BI062', 'TL036', '2022-01-01', 'KS004'),
('BI063', 'TL036', '2022-01-01', 'KS004'),
('BI064', 'TL036', '2022-01-01', 'KS004'),
('BI065', 'TL036', '2022-01-01', 'KS004'),
('BI066', 'TL036', '2022-01-01', 'KS004'),
('BI067', 'TL036', '2022-01-01', 'KS004'),
('BI068', 'TL037', '2022-01-01', 'KS005'),
('BI069', 'TL037', '2022-01-01', 'KS005'),
('BI070', 'TL037', '2022-01-01', 'KS005'),
('BI071', 'TL037', '2022-01-01', 'KS005'),
('BI072', 'TL037', '2022-01-01', 'KS005'),
('BI073', 'TL037', '2022-01-01', 'KS005'),
('BI074', 'TL037', '2022-01-01', 'KS005'),
('BI075', 'TL037', '2022-01-01', 'KS005'),
('BI076', 'TL038', '2022-01-01', 'KS006'),
('BI077', 'TL038', '2022-01-01', 'KS006'),
('BI078', 'TL038', '2022-01-01', 'KS006'),
('BI079', 'TL038', '2022-01-01', 'KS006'),
('BI080', 'TL038', '2022-01-01', 'KS006'),
('BI081', 'TL038', '2022-01-01', 'KS006'),
('BI082', 'TL038', '2022-01-01', 'KS006'),
('BI083', 'TL038', '2022-01-01', 'KS006'),
('BI084', 'TL039', '2022-01-01', 'KS001'),
('BI085', 'TL039', '2022-01-01', 'KS001'),
('BI086', 'TL039', '2022-01-01', 'KS001'),
('BI087', 'TL039', '2022-01-01', 'KS001'),
('BI088', 'TL039', '2022-01-01', 'KS001'),
('BI089', 'TL039', '2022-01-01', 'KS001'),
('BI090', 'TL039', '2022-01-01', 'KS001'),
('BI091', 'TL039', '2022-01-01', 'KS001'),
('BI092', 'TL039', '2022-01-01', 'KS001'),
('BI093', 'TL040', '2022-01-01', 'KS002'),
('BI094', 'TL040', '2022-01-01', 'KS002'),
('BI095', 'TL040', '2022-01-01', 'KS002'),
('BI096', 'TL040', '2022-01-01', 'KS002'),
('BI097', 'TL040', '2022-01-01', 'KS002'),
('BI098', 'TL040', '2022-01-01', 'KS002'),
('BI099', 'TL040', '2022-01-01', 'KS002'),
('BI100', 'TL040', '2022-01-01', 'KS002'),
('BI101', 'TL040', '2022-01-01', 'KS002'),
('BI102', 'TL041', '2022-01-01', 'KS003'),
('BI103', 'TL041', '2022-01-01', 'KS003'),
('BI104', 'TL041', '2022-01-01', 'KS003'),
('BI105', 'TL041', '2022-01-01', 'KS003'),
('BI106', 'TL041', '2022-01-01', 'KS003'),
('BI107', 'TL041', '2022-01-01', 'KS003'),
('BI108', 'TL041', '2022-01-01', 'KS003'),
('BI109', 'TL041', '2022-01-01', 'KS003'),
('BI110', 'TL041', '2022-01-01', 'KS003'),
('BI111', 'TL041', '2022-01-01', 'KS003'),
('BI112', 'TL042', '2022-01-01', 'KS004'),
('BI113', 'TL042', '2022-01-01', 'KS004'),
('BI114', 'TL042', '2022-01-01', 'KS004'),
('BI115', 'TL042', '2022-01-01', 'KS004'),
('BI116', 'TL042', '2022-01-01', 'KS004'),
('BI117', 'TL042', '2022-01-01', 'KS004'),
('BI118', 'TL042', '2022-01-01', 'KS004'),
('BI119', 'TL042', '2022-01-01', 'KS004'),
('BI120', 'TL042', '2022-01-01', 'KS004'),
('BI121', 'TL042', '2022-01-01', 'KS004'),
('BI122', 'TL043', '2022-01-01', 'KS005'),
('BI123', 'TL043', '2024-01-20', 'KS005'),
('BI124', 'TL044', '2022-01-01', 'KS006'),
('BI125', 'TL044', '2024-03-01', 'KS006'),
('BI126', 'TL045', '2022-01-01', 'KS001'),
('BI127', 'TL045', '2022-01-01', 'KS001'),
('BI128', 'TL045', '2023-07-01', 'KS001'),
('BI129', 'TL046', '2022-01-01', 'KS002'),
('BI130', 'TL046', '2025-02-01', 'KS002'),
('BI131', 'TL047', '2022-01-01', 'KS003'),
('BI132', 'TL047', '2024-07-15', 'KS003'),
('BI133', 'TL048', '2022-01-01', 'KS004'),
('BI134', 'TL048', '2023-11-20', 'KS004'),
('BI135', 'TL049', '2022-01-01', 'KS005'),
('BI136', 'TL049', '2024-01-01', 'KS005'),
('BI137', 'TL050', '2022-01-01', 'KS006'),
('BI138', 'TL050', '2023-12-10', 'KS006'),
('BI139', 'TL051', '2022-01-01', 'KS001'),
('BI140', 'TL051', '2022-01-01', 'KS001'),
('BI141', 'TL051', '2024-04-01', 'KS001'),
('BI142', 'TL052', '2022-01-01', 'KS002'),
('BI143', 'TL052', '2023-08-01', 'KS002'),
('BI144', 'TL053', '2022-01-01', 'KS003'),
('BI145', 'TL053', '2025-03-01', 'KS003'),
('BI146', 'TL054', '2022-01-01', 'KS004'),
('BI147', 'TL054', '2022-01-01', 'KS004'),
('BI148', 'TL054', '2023-10-10', 'KS004'),
('BI149', 'TL055', '2022-01-01', 'KS005'),
('BI150', 'TL055', '2024-06-15', 'KS005'),
('BI151', 'TL056', '2022-01-01', 'KS006'),
('BI152', 'TL056', '2023-01-05', 'KS006'),
('BI153', 'TL057', '2022-01-01', 'KS001'),
('BI154', 'TL057', '2024-09-01', 'KS001'),
('BI155', 'TL058', '2022-01-01', 'KS002'),
('BI156', 'TL058', '2022-09-20', 'KS002'),
('BI157', 'TL059', '2022-01-01', 'KS003'),
('BI158', 'TL059', '2024-07-01', 'KS003'),
('BI159', 'TL060', '2022-01-01', 'KS004'),
('BI160', 'TL060', '2023-11-10', 'KS004'),
('BI161', 'TL061', '2022-01-01', 'KS005'),
('BI162', 'TL061', '2024-02-15', 'KS005'),
('BI163', 'TL062', '2022-01-01', 'KS006'),
('BI164', 'TL062', '2022-01-01', 'KS006'),
('BI165', 'TL062', '2023-08-05', 'KS006'),
('BI166', 'TL063', '2022-01-01', 'KS001'),
('BI167', 'TL063', '2024-05-10', 'KS001'),
('BI168', 'TL064', '2022-01-01', 'KS002'),
('BI169', 'TL064', '2023-04-01', 'KS002'),
('BI170', 'TL065', '2022-01-01', 'KS003'),
('BI171', 'TL065', '2022-11-01', 'KS003'),
('BI172', 'TL066', '2022-01-01', 'KS004'),
('BI173', 'TL066', '2022-01-01', 'KS004'),
('BI174', 'TL066', '2024-03-20', 'KS004'),
('BI175', 'TL067', '2022-01-01', 'KS005'),
('BI176', 'TL067', '2023-07-01', 'KS005'),
('BI177', 'TL068', '2022-01-01', 'KS006'),
('BI178', 'TL068', '2025-01-10', 'KS006'),
('BI179', 'TL069', '2022-01-01', 'KS001'),
('BI180', 'TL069', '2023-10-05', 'KS001'),
('BI181', 'TL070', '2022-01-01', 'KS002'),
('BI182', 'TL070', '2022-01-01', 'KS002'),
('BI183', 'TL070', '2024-04-15', 'KS002'),
('BI184', 'TL071', '2022-01-01', 'KS003'),
('BI185', 'TL071', '2023-05-20', 'KS003'),
('BI186', 'TL072', '2022-01-01', 'KS004'),
('BI187', 'TL072', '2022-12-01', 'KS004'),
('BI188', 'TL073', '2022-01-01', 'KS005'),
('BI189', 'TL073', '2024-08-10', 'KS005'),
('BI190', 'TL074', '2022-01-01', 'KS006'),
('BI191', 'TL074', '2023-02-01', 'KS006'),
('BI192', 'TL075', '2022-01-01', 'KS001'),
('BI193', 'TL075', '2022-01-01', 'KS001'),
('BI194', 'TL075', '2024-07-25', 'KS001'),
('BI195', 'TL076', '2022-01-01', 'KS002'),
('BI196', 'TL076', '2023-09-20', 'KS002'),
('BI197', 'TL077', '2022-01-01', 'KS003'),
('BI198', 'TL077', '2022-01-01', 'KS003'),
('BI199', 'TL077', '2022-11-15', 'KS003'),
('BI200', 'TL078', '2022-01-01', 'KS004'),
('BI201', 'TL078', '2024-05-05', 'KS004'),
('BI202', 'TL079', '2022-01-01', 'KS005'),
('BI203', 'TL079', '2022-01-01', 'KS005'),
('BI204', 'TL079', '2023-08-20', 'KS005'),
('BI205', 'TL080', '2022-01-01', 'KS006'),
('BI206', 'TL080', '2024-03-10', 'KS006'),
('BI207', 'TL081', '2022-01-01', 'KS001'),
('BI208', 'TL081', '2022-01-01', 'KS001'),
('BI209', 'TL081', '2022-01-01', 'KS001'),
('BI210', 'TL082', '2022-01-01', 'KS002'),
('BI211', 'TL082', '2024-02-20', 'KS002'),
('BI212', 'TL083', '2022-01-01', 'KS003'),
('BI213', 'TL083', '2022-10-01', 'KS003'),
('BI214', 'TL084', '2022-01-01', 'KS004'),
('BI215', 'TL084', '2024-07-05', 'KS004'),
('BI216', 'TL085', '2022-01-01', 'KS005'),
('BI217', 'TL085', '2023-03-25', 'KS005'),
('BI218', 'TL086', '2022-01-01', 'KS006'),
('BI219', 'TL086', '2024-01-15', 'KS006'),
('BI220', 'TL087', '2022-01-01', 'KS001'),
('BI221', 'TL087', '2022-01-01', 'KS001'),
('BI222', 'TL087', '2023-11-25', 'KS001'),
('BI223', 'TL088', '2022-01-01', 'KS002'),
('BI224', 'TL088', '2024-06-20', 'KS002'),
('BI225', 'TL089', '2022-01-01', 'KS003'),
('BI226', 'TL089', '2022-01-01', 'KS003'),
('BI227', 'TL089', '2022-10-20', 'KS003'),
('BI228', 'TL090', '2022-01-01', 'KS004'),
('BI229', 'TL090', '2024-08-01', 'KS004'),
('BI230', 'TL091', '2022-01-01', 'KS005'),
('BI231', 'TL091', '2023-01-15', 'KS005'),
('BI232', 'TL092', '2022-01-01', 'KS006'),
('BI233', 'TL092', '2024-05-20', 'KS006'),
('BI234', 'TL093', '2022-01-01', 'KS001'),
('BI235', 'TL093', '2023-09-05', 'KS001'),
('BI236', 'TL094', '2022-01-01', 'KS002'),
('BI237', 'TL094', '2024-01-10', 'KS002'),
('BI238', 'TL095', '2022-01-01', 'KS003'),
('BI239', 'TL095', '2023-03-01', 'KS003'),
('BI240', 'TL096', '2022-01-01', 'KS004'),
('BI241', 'TL096', '2024-07-20', 'KS004'),
('BI242', 'TL097', '2022-01-01', 'KS005'),
('BI243', 'TL097', '2022-12-15', 'KS005'),
('BI244', 'TL098', '2022-01-01', 'KS006'),
('BI245', 'TL098', '2024-04-10', 'KS006'),
('BI246', 'TL099', '2022-01-01', 'KS001'),
('BI247', 'TL099', '2023-06-25', 'KS001'),
('BI248', 'TL100', '2022-01-01', 'KS002'),
('BI249', 'TL100', '2025-01-05', 'KS002'),
('BI250', 'TL101', '2022-01-01', 'KS003'),
('BI251', 'TL101', '2023-11-01', 'KS003'),
('BI252', 'TL102', '2022-01-01', 'KS004'),
('BI253', 'TL102', '2024-06-05', 'KS004'),
('BI254', 'TL103', '2022-01-01', 'KS005'),
('BI255', 'TL103', '2023-02-20', 'KS005'),
('BI256', 'TL104', '2022-01-01', 'KS006'),
('BI257', 'TL104', '2024-07-10', 'KS006'),
('BI258', 'TL105', '2022-01-01', 'KS001'),
('BI259', 'TL105', '2023-10-25', 'KS001'),
('BI260', 'TL106', '2022-01-01', 'KS002'),
('BI261', 'TL106', '2024-04-20', 'KS002'),
('BI262', 'TL107', '2022-01-01', 'KS003'),
('BI263', 'TL107', '2023-05-15', 'KS003'),
('BI264', 'TL108', '2022-01-01', 'KS004'),
('BI265', 'TL108', '2022-11-10', 'KS004'),
('BI266', 'TL109', '2022-01-01', 'KS005'),
('BI267', 'TL109', '2024-08-15', 'KS005'),
('BI268', 'TL110', '2022-01-01', 'KS006'),
('BI269', 'TL110', '2023-03-05', 'KS006'),
('BI270', 'TL111', '2022-01-01', 'KS001'),
('BI271', 'TL111', '2024-07-01', 'KS001'),
('BI272', 'TL112', '2022-01-01', 'KS002'),
('BI273', 'TL112', '2022-12-05', 'KS002'),
('BI274', 'TL113', '2022-01-01', 'KS003'),
('BI275', 'TL113', '2024-06-20', 'KS003'),
('BI276', 'TL114', '2022-01-01', 'KS004'),
('BI277', 'TL114', '2023-01-25', 'KS004'),
('BI278', 'TL115', '2022-01-01', 'KS005'),
('BI279', 'TL115', '2024-05-15', 'KS005'),
('BI280', 'TL116', '2022-01-01', 'KS006'),
('BI281', 'TL116', '2023-09-10', 'KS006'),
('BI282', 'TL117', '2022-01-01', 'KS001'),
('BI283', 'TL117', '2024-01-25', 'KS001'),
('BI284', 'TL118', '2022-01-01', 'KS002'),
('BI285', 'TL118', '2023-04-10', 'KS002'),
('BI286', 'TL119', '2022-01-01', 'KS003'),
('BI287', 'TL119', '2024-08-05', 'KS003'),
('BI288', 'TL120', '2022-01-01', 'KS004'),
('BI289', 'TL120', '2023-02-10', 'KS004'),
('BI290', 'TL121', '2022-01-01', 'KS005'),
('BI291', 'TL121', '2024-07-20', 'KS005'),
('BI292', 'TL122', '2022-01-01', 'KS006'),
('BI293', 'TL122', '2022-10-15', 'KS006'),
('BI294', 'TL123', '2022-01-01', 'KS001'),
('BI295', 'TL123', '2024-05-25', 'KS001'),
('BI296', 'TL124', '2022-01-01', 'KS002'),
('BI297', 'TL124', '2023-01-01', 'KS002'),
('BI298', 'TL125', '2022-01-01', 'KS003'),
('BI299', 'TL125', '2024-08-10', 'KS003'),
('BI300', 'TL126', '2022-01-01', 'KS004'),
('BI301', 'TL126', '2023-03-20', 'KS004'),
('BI302', 'TL127', '2022-01-01', 'KS005'),
('BI303', 'TL127', '2024-07-05', 'KS005'),
('BI304', 'TL128', '2022-01-01', 'KS006'),
('BI305', 'TL128', '2022-11-25', 'KS006'),
('BI306', 'TL129', '2022-01-01', 'KS001'),
('BI307', 'TL129', '2024-06-10', 'KS001'),
('BI308', 'TL130', '2022-01-01', 'KS002'),
('BI309', 'TL130', '2023-02-05', 'KS002'),
('BI310', 'TL131', '2022-01-01', 'KS003'),
('BI311', 'TL131', '2024-07-25', 'KS003'),
('BI312', 'TL132', '2022-01-01', 'KS004'),
('BI313', 'TL132', '2022-10-20', 'KS004'),
('BI314', 'TL133', '2022-01-01', 'KS005'),
('BI315', 'TL133', '2024-05-30', 'KS005'),
('BI316', 'TL134', '2022-01-01', 'KS006'),
('BI317', 'TL134', '2023-01-10', 'KS006'),
('BI318', 'TL135', '2022-01-01', 'KS001'),
('BI319', 'TL135', '2024-08-20', 'KS001'),
('BI320', 'TL136', '2022-01-01', 'KS002'),
('BI321', 'TL136', '2023-03-05', 'KS002'),
('BI322', 'TL137', '2022-01-01', 'KS003'),
('BI323', 'TL137', '2024-07-15', 'KS003'),
('BI324', 'TL138', '2022-01-01', 'KS004'),
('BI325', 'TL138', '2022-12-30', 'KS004'),
('BI326', 'TL139', '2022-01-01', 'KS005'),
('BI327', 'TL139', '2024-06-05', 'KS005'),
('BI328', 'TL140', '2022-01-01', 'KS006'),
('BI329', 'TL140', '2023-01-01', 'KS006'),
('BI330', 'TL141', '2022-01-01', 'KS001'),
('BI331', 'TL141', '2024-08-01', 'KS001'),
('BI332', 'TL142', '2022-01-01', 'KS002'),
('BI333', 'TL142', '2023-03-15', 'KS002'),
('BI334', 'TL143', '2022-01-01', 'KS003'),
('BI335', 'TL143', '2024-07-20', 'KS003'),
('BI336', 'TL144', '2022-01-01', 'KS004'),
('BI337', 'TL144', '2022-12-10', 'KS004'),
('BI338', 'TL145', '2022-01-01', 'KS005'),
('BI339', 'TL145', '2024-06-15', 'KS005'),
('BI340', 'TL146', '2022-01-01', 'KS006'),
('BI341', 'TL146', '2023-02-25', 'KS006'),
('BI342', 'TL147', '2022-01-01', 'KS001'),
('BI343', 'TL147', '2024-08-10', 'KS001'),
('BI344', 'TL148', '2022-01-01', 'KS002'),
('BI345', 'TL148', '2023-04-05', 'KS002'),
('BI346', 'TL149', '2022-01-01', 'KS003'),
('BI347', 'TL149', '2024-07-25', 'KS003'),
('BI348', 'TL150', '2022-01-01', 'KS004'),
('BI349', 'TL150', '2022-11-05', 'KS004'),
('BI350', 'TL151', '2022-01-01', 'KS005'),
('BI351', 'TL151', '2024-06-20', 'KS005'),
('BI352', 'TL152', '2022-01-01', 'KS006'),
('BI353', 'TL152', '2023-01-01', 'KS006'),
('BI354', 'TL153', '2022-01-01', 'KS001'),
('BI355', 'TL153', '2024-08-05', 'KS001'),
('BI356', 'TL154', '2022-01-01', 'KS002'),
('BI357', 'TL154', '2023-03-20', 'KS002'),
('BI358', 'TL155', '2022-01-01', 'KS003'),
('BI359', 'TL155', '2024-07-25', 'KS003'),
('BI360', 'TL156', '2022-01-01', 'KS004'),
('BI361', 'TL156', '2022-12-05', 'KS004'),
('BI362', 'TL157', '2022-01-01', 'KS005'),
('BI363', 'TL157', '2024-06-25', 'KS005'),
('BI364', 'TL158', '2022-01-01', 'KS006'),
('BI365', 'TL158', '2023-01-20', 'KS006'),
('BI366', 'TL159', '2022-01-01', 'KS001'),
('BI367', 'TL159', '2024-08-15', 'KS001'),
('BI368', 'TL160', '2022-01-01', 'KS002'),
('BI369', 'TL160', '2023-04-10', 'KS002'),
('BI370', 'TL161', '2022-01-01', 'KS003'),
('BI371', 'TL161', '2024-07-30', 'KS003'),
('BI372', 'TL162', '2022-01-01', 'KS004'),
('BI373', 'TL162', '2022-11-30', 'KS004'),
('BI374', 'TL163', '2022-01-01', 'KS005'),
('BI375', 'TL163', '2024-06-20', 'KS005'),
('BI376', 'TL164', '2022-01-01', 'KS006'),
('BI377', 'TL164', '2023-01-15', 'KS006'),
('BI378', 'TL165', '2022-01-01', 'KS001'),
('BI379', 'TL165', '2024-08-10', 'KS001'),
('BI380', 'TL166', '2022-01-01', 'KS002'),
('BI381', 'TL166', '2023-04-01', 'KS002'),
('BI382', 'TL167', '2022-01-01', 'KS003'),
('BI383', 'TL167', '2024-07-25', 'KS003'),
('BI384', 'TL168', '2022-01-01', 'KS004'),
('BI385', 'TL168', '2022-12-20', 'KS004'),
('BI386', 'TL169', '2022-01-01', 'KS005'),
('BI387', 'TL169', '2024-06-15', 'KS005'),
('BI388', 'TL170', '2022-01-01', 'KS006'),
('BI389', 'TL170', '2023-01-05', 'KS006'),
('BI390', 'TL171', '2022-01-01', 'KS001'),
('BI391', 'TL171', '2024-08-01', 'KS001'),
('BI392', 'TL172', '2022-01-01', 'KS002'),
('BI393', 'TL172', '2023-03-25', 'KS002'),
('BI394', 'TL173', '2022-01-01', 'KS003'),
('BI395', 'TL173', '2024-07-30', 'KS003'),
('BI396', 'TL174', '2022-01-01', 'KS004'),
('BI397', 'TL174', '2022-12-15', 'KS004'),
('BI398', 'TL175', '2022-01-01', 'KS005'),
('BI399', 'TL175', '2024-06-10', 'KS005'),
('BI400', 'TL176', '2022-01-01', 'KS006'),
('BI401', 'TL176', '2023-01-30', 'KS006'),
('BI402', 'TL177', '2022-01-01', 'KS001'),
('BI403', 'TL177', '2024-08-20', 'KS001'),
('BI404', 'TL178', '2022-01-01', 'KS002'),
('BI405', 'TL178', '2023-04-15', 'KS002'),
('BI406', 'TL179', '2022-01-01', 'KS003'),
('BI407', 'TL179', '2024-07-10', 'KS003'),
('BI408', 'TL180', '2022-11-20', 'KS004'),
('BI409', 'TL181', '2024-05-15', 'KS005'),
('BI410', 'TL182', '2023-01-25', 'KS006'),
('BI411', 'TL183', '2024-08-05', 'KS001'),
('BI412', 'TL184', '2023-03-01', 'KS002'),
('BI413', 'TL185', '2024-07-20', 'KS003'),
('BI414', 'TL186', '2022-12-10', 'KS004'),
('BI415', 'TL187', '2024-06-01', 'KS005'),
('BI416', 'TL188', '2023-01-15', 'KS006'),
('BI417', 'TL189', '2024-08-10', 'KS001'),
('BI418', 'TL190', '2023-04-20', 'KS002'),
('BI419', 'TL191', '2024-07-05', 'KS003'),
('BI420', 'TL192', '2022-11-10', 'KS004'),
('BI421', 'TL193', '2024-05-25', 'KS005'),
('BI422', 'TL194', '2023-01-01', 'KS006'),
('BI423', 'TL195', '2024-08-15', 'KS001'),
('BI424', 'TL196', '2023-03-10', 'KS002'),
('BI425', 'TL197', '2024-07-01', 'KS003'),
('BI426', 'TL198', '2022-12-01', 'KS004'),
('BI427', 'TL199', '2024-06-20', 'KS005'),
('BI428', 'TL200', '2023-02-15', 'KS006');
COMMIT;
